Date,Customer_ID,Shop_ID,Shop_Name,Category,Product_Name,Quantity,Unit_Price,Discount,Sales_Amount,Payment_Method,Customer_Type,Rating
2024-01-01,C0456,S007,Sports Arena,Sports,Football,2,899,10,1618.2,Cash,Member,4
2024-01-01,C0266,S002,Style Point,Fashion,T-Shirt,3,799,0,2397.0,Cash,Non-Member,5
2024-01-05,C0077,S002,Style Point,Fashion,Jacket,1,2499,5,2374.05,UPI,Member,5
2024-01-07,C0133,S007,Sports Arena,Sports,Yoga Mat,3,799,10,2157.3,Cash,Member,4
2024-01-07,C0049,S002,Style Point,Fashion,Jeans,1,1499,5,1424.05,Card,Member,5
2024-01-07,C0366,S004,Mobile Zone,Electronics,Keyboard,1,1299,0,1299.0,Card,Member,4
2024-01-08,C0444,S006,Beauty Corner,Beauty,Shampoo,1,499,5,474.05,Cash,Non-Member,4
2024-01-08,C0294,S001,Fashion Hub,Fashion,Jacket,3,2499,15,6372.45,UPI,Member,4
2024-01-09,C0457,S004,Mobile Zone,Electronics,Headphones,1,1499,15,1274.15,Cash,Member,4
2024-01-09,C0086,S003,Tech World,Electronics,Headphones,1,1499,20,1199.2,Cash,Member,3
2024-01-09,C0062,S001,Fashion Hub,Fashion,Jacket,2,2499,0,4998.0,UPI,Member,5
2024-01-10,C0287,S005,Home Needs,Home & Lifestyle,Storage Box,1,699,10,629.1,Card,Member,4
2024-01-10,C0152,S006,Beauty Corner,Beauty,Lip Balm,1,249,20,199.2,UPI,Non-Member,4
2024-01-11,C0301,S002,Style Point,Fashion,Jeans,3,1499,20,3597.6,UPI,Member,4
2024-01-11,C0306,S003,Tech World,Electronics,Headphones,1,1499,5,1424.05,Cash,Member,4
2024-01-12,C0345,S008,Book House,Books,Novel,1,399,0,399.0,UPI,Non-Member,4
2024-01-12,C0195,S003,Tech World,Electronics,Power Bank,2,999,5,1898.1,Card,Member,3
2024-01-12,C0318,S001,Fashion Hub,Fashion,Jeans,1,1499,0,1499.0,Cash,Non-Member,5
2024-01-12,C0424,S001,Fashion Hub,Fashion,Jeans,1,1499,0,1499.0,UPI,Non-Member,4
2024-01-13,C0047,S005,Home Needs,Home & Lifestyle,Bedsheet,2,1299,0,2598.0,Cash,Non-Member,4
2024-01-13,C0440,S007,Sports Arena,Sports,Cricket Bat,1,1999,0,1999.0,Card,Non-Member,5
2024-01-13,C0412,S002,Style Point,Fashion,Shirt,2,999,0,1998.0,Cash,Member,4
2024-01-13,C0190,S004,Mobile Zone,Electronics,Power Bank,1,999,15,849.15,Cash,Non-Member,3
2024-01-14,C0494,S006,Beauty Corner,Beauty,Shampoo,1,499,0,499.0,UPI,Non-Member,4
2024-01-14,C0195,S001,Fashion Hub,Fashion,Jeans,1,1499,5,1424.05,UPI,Member,4
2024-01-15,C0419,S008,Book House,Books,Novel,1,399,15,339.15,Card,Member,5
2024-01-16,C0091,S004,Mobile Zone,Electronics,Headphones,2,1499,20,2398.4,UPI,Non-Member,4
2024-01-16,C0059,S001,Fashion Hub,Fashion,Jeans,1,1499,10,1349.1,UPI,Member,5
2024-01-16,C0498,S001,Fashion Hub,Fashion,Jeans,2,1499,10,2698.2,UPI,Member,4
2024-01-17,C0063,S007,Sports Arena,Sports,Sports Shoes,2,2499,15,4248.3,UPI,Member,4
2024-01-17,C0019,S001,Fashion Hub,Fashion,Jeans,1,1499,0,1499.0,Cash,Non-Member,4
2024-01-17,C0245,S006,Beauty Corner,Beauty,Shampoo,1,499,0,499.0,Card,Non-Member,5
2024-01-17,C0202,S002,Style Point,Fashion,T-Shirt,2,799,0,1598.0,Cash,Member,4
2024-01-18,C0044,S005,Home Needs,Home & Lifestyle,Bedsheet,2,1299,20,2078.4,Cash,Member,4
2024-01-18,C0165,S008,Book House,Books,Business Book,1,699,0,699.0,UPI,Non-Member,5
2024-01-18,C0351,S004,Mobile Zone,Electronics,Smart Watch,1,2999,0,2999.0,Cash,Member,4
2024-01-19,C0365,S004,Mobile Zone,Electronics,Keyboard,2,1299,10,2338.2,Cash,Member,4
2024-01-19,C0257,S006,Beauty Corner,Beauty,Shampoo,1,499,15,424.15,Card,Non-Member,5
2024-01-19,C0195,S007,Sports Arena,Sports,Football,3,899,0,2697.0,Card,Non-Member,4
2024-01-20,C0321,S007,Sports Arena,Sports,Football,2,899,15,1528.3,Card,Non-Member,5
2024-01-20,C0239,S002,Style Point,Fashion,Shirt,2,999,0,1998.0,Card,Non-Member,3
2024-01-21,C0228,S003,Tech World,Electronics,Bluetooth Speaker,1,1799,0,1799.0,Card,Member,4
2024-01-21,C0275,S007,Sports Arena,Sports,Skipping Rope,2,299,15,508.3,UPI,Non-Member,4
2024-01-21,C0178,S002,Style Point,Fashion,Jacket,1,2499,0,2499.0,Cash,Non-Member,3
2024-01-21,C0122,S001,Fashion Hub,Fashion,Sneakers,2,1999,20,3198.4,Card,Non-Member,3
2024-01-22,C0474,S001,Fashion Hub,Fashion,Jeans,3,1499,0,4497.0,Cash,Non-Member,4
2024-01-22,C0410,S004,Mobile Zone,Electronics,Keyboard,3,1299,0,3897.0,Cash,Member,3
2024-01-22,C0477,S007,Sports Arena,Sports,Yoga Mat,2,799,10,1438.2,Cash,Non-Member,3
2024-01-22,C0287,S005,Home Needs,Home & Lifestyle,Lamp,1,899,0,899.0,Cash,Member,5
2024-01-23,C0413,S008,Book House,Books,Business Book,3,699,5,1992.15,Card,Member,4
2024-01-24,C0015,S005,Home Needs,Home & Lifestyle,Storage Box,2,699,0,1398.0,UPI,Member,4
2024-01-25,C0068,S002,Style Point,Fashion,Jacket,1,2499,0,2499.0,Card,Member,3
2024-01-25,C0294,S001,Fashion Hub,Fashion,Jeans,1,1499,5,1424.05,UPI,Non-Member,4
2024-01-25,C0187,S008,Book House,Books,Notebook,2,199,20,318.4,Card,Non-Member,4
2024-01-25,C0272,S004,Mobile Zone,Electronics,Headphones,1,1499,15,1274.15,UPI,Non-Member,4
2024-01-26,C0266,S005,Home Needs,Home & Lifestyle,Cushion,3,499,5,1422.15,Cash,Non-Member,4
2024-01-26,C0313,S007,Sports Arena,Sports,Yoga Mat,2,799,5,1518.1,Card,Non-Member,5
2024-01-26,C0303,S005,Home Needs,Home & Lifestyle,Cushion,1,499,0,499.0,UPI,Non-Member,4
2024-01-27,C0471,S002,Style Point,Fashion,Jacket,1,2499,10,2249.1,UPI,Member,5
2024-01-27,C0068,S003,Tech World,Electronics,Headphones,1,1499,15,1274.15,Card,Non-Member,5
2024-01-29,C0445,S008,Book House,Books,Novel,1,399,15,339.15,Card,Member,4
2024-01-30,C0143,S004,Mobile Zone,Electronics,Keyboard,1,1299,0,1299.0,Card,Member,5
2024-01-30,C0281,S003,Tech World,Electronics,Bluetooth Speaker,2,1799,10,3238.2,Card,Member,3
2024-01-31,C0337,S003,Tech World,Electronics,Headphones,1,1499,20,1199.2,Cash,Member,5
2024-01-31,C0236,S007,Sports Arena,Sports,Cricket Bat,3,1999,20,4797.6,UPI,Non-Member,3
2024-02-01,C0392,S005,Home Needs,Home & Lifestyle,Cushion,1,499,0,499.0,Card,Non-Member,4
2024-02-01,C0098,S001,Fashion Hub,Fashion,T-Shirt,2,799,0,1598.0,Cash,Member,5
2024-02-01,C0287,S001,Fashion Hub,Fashion,T-Shirt,1,799,5,759.05,Card,Member,3
2024-02-03,C0111,S005,Home Needs,Home & Lifestyle,Cushion,2,499,20,798.4,UPI,Non-Member,4
2024-02-03,C0264,S005,Home Needs,Home & Lifestyle,Bedsheet,2,1299,0,2598.0,Card,Non-Member,4
2024-02-03,C0280,S002,Style Point,Fashion,Jacket,1,2499,15,2124.15,UPI,Member,3
2024-02-04,C0487,S007,Sports Arena,Sports,Skipping Rope,1,299,0,299.0,UPI,Non-Member,5
2024-02-05,C0439,S005,Home Needs,Home & Lifestyle,Lamp,2,899,5,1708.1,UPI,Non-Member,4
2024-02-05,C0232,S002,Style Point,Fashion,Jeans,2,1499,20,2398.4,UPI,Member,4
2024-02-06,C0316,S005,Home Needs,Home & Lifestyle,Cushion,1,499,20,399.2,UPI,Non-Member,5
2024-02-06,C0107,S006,Beauty Corner,Beauty,Moisturizer,1,599,5,569.05,UPI,Non-Member,4
2024-02-08,C0472,S008,Book House,Books,Magazine,1,149,20,119.2,UPI,Member,4
2024-02-08,C0252,S006,Beauty Corner,Beauty,Shampoo,1,499,5,474.05,Cash,Non-Member,4
2024-02-08,C0293,S008,Book House,Books,Business Book,2,699,5,1328.1,Card,Non-Member,4
2024-02-08,C0239,S007,Sports Arena,Sports,Sports Shoes,1,2499,15,2124.15,UPI,Non-Member,4
2024-02-09,C0447,S005,Home Needs,Home & Lifestyle,Lamp,1,899,5,854.05,UPI,Non-Member,4
2024-02-09,C0359,S008,Book House,Books,Children Book,2,299,10,538.2,Cash,Non-Member,5
2024-02-09,C0486,S005,Home Needs,Home & Lifestyle,Bottle,1,399,0,399.0,UPI,Non-Member,3
2024-02-10,C0429,S001,Fashion Hub,Fashion,Sneakers,1,1999,15,1699.15,Card,Non-Member,3
2024-02-10,C0196,S001,Fashion Hub,Fashion,Shirt,3,999,20,2397.6,Cash,Non-Member,4
2024-02-11,C0259,S006,Beauty Corner,Beauty,Lip Balm,1,249,15,211.65,UPI,Non-Member,5
2024-02-11,C0367,S008,Book House,Books,Novel,1,399,20,319.2,UPI,Non-Member,4
2024-02-12,C0074,S001,Fashion Hub,Fashion,Jacket,1,2499,0,2499.0,Card,Non-Member,5
2024-02-12,C0264,S006,Beauty Corner,Beauty,Perfume,1,999,0,999.0,Cash,Member,4
2024-02-12,C0240,S005,Home Needs,Home & Lifestyle,Cushion,2,499,20,798.4,Cash,Member,3
2024-02-12,C0169,S005,Home Needs,Home & Lifestyle,Cushion,2,499,0,998.0,Cash,Non-Member,3
2024-02-13,C0144,S006,Beauty Corner,Beauty,Face Wash,1,399,5,379.05,UPI,Member,5
2024-02-14,C0314,S007,Sports Arena,Sports,Cricket Bat,3,1999,0,5997.0,Cash,Non-Member,4
2024-02-15,C0454,S005,Home Needs,Home & Lifestyle,Storage Box,1,699,20,559.2,Card,Member,4
2024-02-15,C0106,S003,Tech World,Electronics,Headphones,1,1499,10,1349.1,Card,Non-Member,5
2024-02-16,C0324,S008,Book House,Books,Magazine,2,149,15,253.3,UPI,Non-Member,4
2024-02-16,C0121,S003,Tech World,Electronics,Headphones,1,1499,0,1499.0,Card,Member,5
2024-02-16,C0228,S005,Home Needs,Home & Lifestyle,Lamp,2,899,20,1438.4,UPI,Member,5
2024-02-16,C0233,S004,Mobile Zone,Electronics,Bluetooth Speaker,2,1799,5,3418.1,UPI,Non-Member,3
2024-02-16,C0114,S008,Book House,Books,Children Book,1,299,10,269.1,Cash,Non-Member,5
2024-02-18,C0495,S004,Mobile Zone,Electronics,Keyboard,3,1299,15,3312.45,Card,Non-Member,3
2024-02-18,C0147,S001,Fashion Hub,Fashion,T-Shirt,1,799,0,799.0,Cash,Member,4
2024-02-18,C0405,S006,Beauty Corner,Beauty,Shampoo,1,499,15,424.15,Card,Non-Member,5
2024-02-18,C0462,S007,Sports Arena,Sports,Skipping Rope,3,299,15,762.45,Card,Non-Member,3
2024-02-19,C0496,S006,Beauty Corner,Beauty,Moisturizer,2,599,0,1198.0,UPI,Non-Member,5
2024-02-20,C0500,S004,Mobile Zone,Electronics,Smart Watch,2,2999,0,5998.0,UPI,Non-Member,5
2024-02-21,C0216,S005,Home Needs,Home & Lifestyle,Cushion,2,499,20,798.4,UPI,Non-Member,4
2024-02-21,C0374,S002,Style Point,Fashion,T-Shirt,2,799,0,1598.0,Card,Member,4
2024-02-22,C0130,S004,Mobile Zone,Electronics,Headphones,2,1499,5,2848.1,UPI,Member,3
2024-02-22,C0074,S006,Beauty Corner,Beauty,Shampoo,2,499,10,898.2,Card,Member,5
2024-02-23,C0218,S007,Sports Arena,Sports,Yoga Mat,3,799,5,2277.15,Cash,Non-Member,5
2024-02-23,C0047,S002,Style Point,Fashion,Shirt,3,999,15,2547.45,Cash,Member,3
2024-02-23,C0178,S001,Fashion Hub,Fashion,Jeans,1,1499,5,1424.05,Cash,Non-Member,4
2024-02-24,C0468,S001,Fashion Hub,Fashion,Sneakers,3,1999,15,5097.45,UPI,Non-Member,5
2024-02-24,C0442,S006,Beauty Corner,Beauty,Moisturizer,1,599,0,599.0,Cash,Non-Member,3
2024-02-25,C0208,S007,Sports Arena,Sports,Cricket Bat,1,1999,10,1799.1,UPI,Non-Member,5
2024-02-25,C0230,S007,Sports Arena,Sports,Skipping Rope,3,299,0,897.0,UPI,Non-Member,4
2024-02-26,C0277,S007,Sports Arena,Sports,Skipping Rope,2,299,15,508.3,Card,Member,4
2024-02-26,C0050,S004,Mobile Zone,Electronics,Keyboard,1,1299,5,1234.05,UPI,Non-Member,5
2024-02-27,C0106,S008,Book House,Books,Notebook,2,199,20,318.4,Card,Non-Member,4
2024-02-27,C0018,S003,Tech World,Electronics,Smart Watch,2,2999,20,4798.4,Cash,Member,4
2024-02-27,C0009,S007,Sports Arena,Sports,Cricket Bat,1,1999,5,1899.05,Cash,Non-Member,3
2024-02-29,C0403,S006,Beauty Corner,Beauty,Shampoo,1,499,10,449.1,UPI,Member,5
2024-03-01,C0186,S003,Tech World,Electronics,Power Bank,3,999,0,2997.0,Cash,Member,4
2024-03-01,C0438,S008,Book House,Books,Notebook,2,199,15,338.3,UPI,Member,3
2024-03-01,C0434,S005,Home Needs,Home & Lifestyle,Bottle,1,399,5,379.05,Cash,Non-Member,4
2024-03-02,C0229,S007,Sports Arena,Sports,Yoga Mat,2,799,0,1598.0,Cash,Member,4
2024-03-02,C0264,S001,Fashion Hub,Fashion,T-Shirt,3,799,0,2397.0,UPI,Member,4
2024-03-02,C0387,S007,Sports Arena,Sports,Cricket Bat,1,1999,5,1899.05,Card,Member,4
2024-03-03,C0311,S003,Tech World,Electronics,Headphones,2,1499,0,2998.0,Cash,Non-Member,3
2024-03-03,C0446,S004,Mobile Zone,Electronics,Power Bank,2,999,0,1998.0,Cash,Member,4
2024-03-06,C0091,S001,Fashion Hub,Fashion,Sneakers,3,1999,20,4797.6,Cash,Member,4
2024-03-07,C0493,S007,Sports Arena,Sports,Football,1,899,10,809.1,Card,Non-Member,5
2024-03-07,C0061,S001,Fashion Hub,Fashion,Jeans,1,1499,15,1274.15,Cash,Non-Member,5
2024-03-09,C0058,S006,Beauty Corner,Beauty,Moisturizer,1,599,0,599.0,UPI,Non-Member,4
2024-03-09,C0216,S001,Fashion Hub,Fashion,T-Shirt,1,799,10,719.1,Card,Member,3
2024-03-10,C0462,S002,Style Point,Fashion,T-Shirt,3,799,15,2037.45,Card,Non-Member,5
2024-03-10,C0379,S008,Book House,Books,Children Book,1,299,10,269.1,Cash,Member,5
2024-03-10,C0454,S004,Mobile Zone,Electronics,Headphones,1,1499,10,1349.1,Cash,Member,4
2024-03-11,C0248,S003,Tech World,Electronics,Smart Watch,1,2999,0,2999.0,Card,Non-Member,5
2024-03-12,C0247,S005,Home Needs,Home & Lifestyle,Storage Box,2,699,5,1328.1,UPI,Non-Member,4
2024-03-13,C0014,S005,Home Needs,Home & Lifestyle,Storage Box,1,699,0,699.0,UPI,Member,4
2024-03-14,C0336,S001,Fashion Hub,Fashion,Jacket,1,2499,0,2499.0,Card,Non-Member,5
2024-03-15,C0294,S001,Fashion Hub,Fashion,Shirt,2,999,0,1998.0,Card,Member,4
2024-03-16,C0188,S001,Fashion Hub,Fashion,Jacket,1,2499,0,2499.0,UPI,Non-Member,5
2024-03-16,C0471,S006,Beauty Corner,Beauty,Moisturizer,1,599,0,599.0,Cash,Non-Member,3
2024-03-16,C0035,S006,Beauty Corner,Beauty,Moisturizer,1,599,20,479.2,Cash,Member,4
2024-03-16,C0265,S004,Mobile Zone,Electronics,Bluetooth Speaker,1,1799,5,1709.05,Cash,Non-Member,5
2024-03-16,C0231,S008,Book House,Books,Notebook,2,199,5,378.1,Card,Non-Member,5
2024-03-17,C0164,S001,Fashion Hub,Fashion,Jeans,2,1499,0,2998.0,UPI,Member,5
2024-03-18,C0167,S004,Mobile Zone,Electronics,Keyboard,1,1299,0,1299.0,Card,Non-Member,4
2024-03-18,C0038,S007,Sports Arena,Sports,Yoga Mat,1,799,0,799.0,Card,Member,4
2024-03-18,C0410,S005,Home Needs,Home & Lifestyle,Storage Box,1,699,5,664.05,Card,Non-Member,3
2024-03-18,C0435,S006,Beauty Corner,Beauty,Shampoo,2,499,5,948.1,Card,Non-Member,5
2024-03-19,C0385,S003,Tech World,Electronics,Power Bank,1,999,10,899.1,Card,Non-Member,5
2024-03-19,C0464,S002,Style Point,Fashion,Shirt,3,999,15,2547.45,Card,Member,4
2024-03-19,C0067,S001,Fashion Hub,Fashion,Sneakers,1,1999,5,1899.05,Cash,Member,4
2024-03-22,C0044,S003,Tech World,Electronics,Bluetooth Speaker,2,1799,10,3238.2,Card,Non-Member,4
2024-03-22,C0087,S007,Sports Arena,Sports,Cricket Bat,1,1999,10,1799.1,UPI,Non-Member,5
2024-03-24,C0155,S005,Home Needs,Home & Lifestyle,Bottle,1,399,20,319.2,UPI,Member,5
2024-03-25,C0320,S008,Book House,Books,Business Book,3,699,10,1887.3,Card,Non-Member,4
2024-03-26,C0142,S004,Mobile Zone,Electronics,Power Bank,1,999,20,799.2,Cash,Member,5
2024-03-26,C0175,S007,Sports Arena,Sports,Skipping Rope,3,299,15,762.45,Card,Member,4
2024-03-26,C0044,S008,Book House,Books,Novel,1,399,0,399.0,Card,Member,5
2024-03-27,C0043,S001,Fashion Hub,Fashion,Sneakers,2,1999,0,3998.0,UPI,Member,4
2024-03-27,C0079,S008,Book House,Books,Children Book,1,299,0,299.0,UPI,Member,3
2024-03-27,C0055,S002,Style Point,Fashion,Shirt,3,999,0,2997.0,Card,Member,5
2024-03-27,C0176,S007,Sports Arena,Sports,Cricket Bat,2,1999,10,3598.2,Cash,Non-Member,3
2024-03-28,C0324,S005,Home Needs,Home & Lifestyle,Bedsheet,2,1299,15,2208.3,Cash,Non-Member,5
2024-03-28,C0256,S007,Sports Arena,Sports,Skipping Rope,1,299,5,284.05,Cash,Member,4
2024-03-28,C0211,S005,Home Needs,Home & Lifestyle,Bedsheet,1,1299,5,1234.05,UPI,Member,5
2024-03-28,C0072,S005,Home Needs,Home & Lifestyle,Cushion,3,499,20,1197.6,UPI,Non-Member,4
2024-03-29,C0403,S005,Home Needs,Home & Lifestyle,Lamp,3,899,0,2697.0,UPI,Non-Member,4
2024-03-29,C0142,S006,Beauty Corner,Beauty,Face Wash,1,399,10,359.1,Cash,Member,4
2024-03-30,C0136,S005,Home Needs,Home & Lifestyle,Cushion,2,499,10,898.2,Card,Non-Member,4
2024-03-30,C0260,S005,Home Needs,Home & Lifestyle,Bedsheet,1,1299,5,1234.05,Card,Non-Member,5
2024-04-01,C0018,S002,Style Point,Fashion,Jacket,1,2499,15,2124.15,Card,Member,5
2024-04-01,C0470,S004,Mobile Zone,Electronics,Bluetooth Speaker,1,1799,5,1709.05,Card,Member,5
2024-04-01,C0367,S002,Style Point,Fashion,Sneakers,1,1999,10,1799.1,Cash,Non-Member,5
2024-04-02,C0454,S007,Sports Arena,Sports,Skipping Rope,2,299,0,598.0,UPI,Non-Member,5
2024-04-04,C0262,S001,Fashion Hub,Fashion,Jacket,1,2499,10,2249.1,UPI,Member,4
2024-04-05,C0262,S008,Book House,Books,Notebook,3,199,5,567.15,Card,Non-Member,5
2024-04-05,C0384,S003,Tech World,Electronics,Power Bank,2,999,20,1598.4,Card,Non-Member,4
2024-04-05,C0152,S008,Book House,Books,Children Book,1,299,0,299.0,Cash,Non-Member,5
2024-04-05,C0190,S002,Style Point,Fashion,Shirt,2,999,20,1598.4,UPI,Non-Member,5
2024-04-06,C0358,S003,Tech World,Electronics,Bluetooth Speaker,2,1799,5,3418.1,Card,Member,4
2024-04-08,C0047,S003,Tech World,Electronics,Bluetooth Speaker,2,1799,10,3238.2,Cash,Member,5
2024-04-08,C0459,S006,Beauty Corner,Beauty,Perfume,2,999,0,1998.0,Cash,Member,5
2024-04-08,C0076,S005,Home Needs,Home & Lifestyle,Bottle,1,399,15,339.15,Card,Member,4
2024-04-10,C0451,S008,Book House,Books,Children Book,1,299,10,269.1,UPI,Member,5
2024-04-12,C0481,S005,Home Needs,Home & Lifestyle,Storage Box,3,699,5,1992.15,Cash,Member,5
2024-04-12,C0422,S005,Home Needs,Home & Lifestyle,Cushion,1,499,5,474.05,Card,Non-Member,4
2024-04-13,C0294,S007,Sports Arena,Sports,Cricket Bat,1,1999,5,1899.05,Card,Member,4
2024-04-13,C0214,S004,Mobile Zone,Electronics,Power Bank,2,999,0,1998.0,UPI,Non-Member,4
2024-04-14,C0099,S003,Tech World,Electronics,Power Bank,1,999,15,849.15,Cash,Member,5
2024-04-14,C0147,S002,Style Point,Fashion,Sneakers,2,1999,15,3398.3,UPI,Non-Member,5
2024-04-14,C0181,S008,Book House,Books,Novel,1,399,10,359.1,Card,Member,4
2024-04-14,C0193,S006,Beauty Corner,Beauty,Shampoo,2,499,15,848.3,UPI,Non-Member,4
2024-04-15,C0179,S002,Style Point,Fashion,T-Shirt,1,799,10,719.1,Card,Non-Member,5
2024-04-15,C0420,S003,Tech World,Electronics,Bluetooth Speaker,2,1799,5,3418.1,Card,Non-Member,4
2024-04-16,C0188,S002,Style Point,Fashion,Shirt,1,999,5,949.05,Card,Non-Member,4
2024-04-16,C0232,S001,Fashion Hub,Fashion,Shirt,3,999,10,2697.3,Card,Non-Member,4
2024-04-18,C0035,S005,Home Needs,Home & Lifestyle,Lamp,3,899,5,2562.15,Cash,Non-Member,3
2024-04-18,C0279,S001,Fashion Hub,Fashion,Sneakers,1,1999,0,1999.0,Card,Non-Member,4
2024-04-19,C0049,S003,Tech World,Electronics,Headphones,3,1499,0,4497.0,UPI,Member,4
2024-04-20,C0251,S007,Sports Arena,Sports,Football,1,899,10,809.1,Cash,Member,4
2024-04-21,C0453,S003,Tech World,Electronics,Power Bank,2,999,5,1898.1,UPI,Non-Member,4
2024-04-21,C0171,S005,Home Needs,Home & Lifestyle,Lamp,1,899,15,764.15,Card,Member,4
2024-04-21,C0413,S001,Fashion Hub,Fashion,Shirt,1,999,20,799.2,UPI,Member,3
2024-04-21,C0468,S003,Tech World,Electronics,Keyboard,1,1299,5,1234.05,Card,Non-Member,3
2024-04-21,C0274,S004,Mobile Zone,Electronics,Power Bank,3,999,0,2997.0,Cash,Member,5
2024-04-22,C0012,S003,Tech World,Electronics,Smart Watch,2,2999,10,5398.2,Card,Member,4
2024-04-24,C0220,S002,Style Point,Fashion,T-Shirt,3,799,20,1917.6,Cash,Member,3
2024-04-24,C0121,S002,Style Point,Fashion,Sneakers,2,1999,0,3998.0,UPI,Member,4
2024-04-25,C0451,S005,Home Needs,Home & Lifestyle,Storage Box,1,699,20,559.2,UPI,Member,4
2024-04-25,C0026,S004,Mobile Zone,Electronics,Smart Watch,3,2999,10,8097.3,UPI,Member,5
2024-04-26,C0331,S001,Fashion Hub,Fashion,Jacket,2,2499,20,3998.4,Cash,Non-Member,4
2024-04-26,C0043,S005,Home Needs,Home & Lifestyle,Bottle,3,399,5,1137.15,Cash,Member,5
2024-04-26,C0116,S001,Fashion Hub,Fashion,T-Shirt,1,799,5,759.05,UPI,Non-Member,3
2024-04-27,C0482,S003,Tech World,Electronics,Headphones,2,1499,15,2548.3,Cash,Non-Member,4
2024-04-30,C0094,S004,Mobile Zone,Electronics,Bluetooth Speaker,1,1799,5,1709.05,UPI,Member,4
2024-05-01,C0273,S002,Style Point,Fashion,T-Shirt,3,799,0,2397.0,Card,Non-Member,3
2024-05-01,C0211,S004,Mobile Zone,Electronics,Power Bank,1,999,15,849.15,Card,Member,4
2024-05-01,C0432,S003,Tech World,Electronics,Keyboard,2,1299,5,2468.1,UPI,Member,3
2024-05-02,C0173,S004,Mobile Zone,Electronics,Bluetooth Speaker,2,1799,10,3238.2,UPI,Non-Member,4
2024-05-04,C0082,S007,Sports Arena,Sports,Football,1,899,10,809.1,Cash,Member,4
2024-05-04,C0037,S006,Beauty Corner,Beauty,Shampoo,2,499,0,998.0,Card,Non-Member,5
2024-05-05,C0413,S003,Tech World,Electronics,Bluetooth Speaker,3,1799,5,5127.15,Cash,Member,4
2024-05-07,C0007,S002,Style Point,Fashion,Sneakers,1,1999,0,1999.0,Card,Member,5
2024-05-08,C0291,S003,Tech World,Electronics,Smart Watch,1,2999,0,2999.0,UPI,Non-Member,4
2024-05-08,C0337,S003,Tech World,Electronics,Headphones,1,1499,15,1274.15,Card,Member,4
2024-05-08,C0364,S007,Sports Arena,Sports,Football,2,899,0,1798.0,UPI,Member,3
2024-05-09,C0194,S007,Sports Arena,Sports,Skipping Rope,1,299,5,284.05,UPI,Non-Member,5
2024-05-10,C0498,S003,Tech World,Electronics,Smart Watch,1,2999,5,2849.05,UPI,Non-Member,4
2024-05-10,C0293,S004,Mobile Zone,Electronics,Keyboard,2,1299,0,2598.0,Cash,Non-Member,4
2024-05-10,C0353,S007,Sports Arena,Sports,Yoga Mat,2,799,0,1598.0,UPI,Non-Member,4
2024-05-10,C0188,S006,Beauty Corner,Beauty,Moisturizer,1,599,0,599.0,Cash,Member,4
2024-05-11,C0418,S001,Fashion Hub,Fashion,Jacket,2,2499,10,4498.2,UPI,Member,3
2024-05-11,C0111,S008,Book House,Books,Business Book,2,699,0,1398.0,UPI,Non-Member,4
2024-05-12,C0443,S006,Beauty Corner,Beauty,Moisturizer,2,599,20,958.4,UPI,Member,5
2024-05-12,C0071,S003,Tech World,Electronics,Headphones,1,1499,5,1424.05,Cash,Member,5
2024-05-12,C0473,S007,Sports Arena,Sports,Skipping Rope,2,299,0,598.0,Card,Non-Member,4
2024-05-12,C0055,S005,Home Needs,Home & Lifestyle,Bedsheet,2,1299,15,2208.3,UPI,Non-Member,5
2024-05-12,C0351,S006,Beauty Corner,Beauty,Moisturizer,1,599,20,479.2,UPI,Non-Member,4
2024-05-13,C0067,S003,Tech World,Electronics,Smart Watch,3,2999,20,7197.6,Cash,Non-Member,5
2024-05-15,C0183,S006,Beauty Corner,Beauty,Shampoo,2,499,20,798.4,UPI,Non-Member,5
2024-05-16,C0421,S006,Beauty Corner,Beauty,Moisturizer,3,599,10,1617.3,Card,Non-Member,5
2024-05-16,C0411,S001,Fashion Hub,Fashion,T-Shirt,1,799,5,759.05,Card,Non-Member,4
2024-05-16,C0371,S005,Home Needs,Home & Lifestyle,Cushion,3,499,15,1272.45,Card,Member,5
2024-05-16,C0190,S002,Style Point,Fashion,Jeans,1,1499,15,1274.15,Card,Member,5
2024-05-17,C0066,S005,Home Needs,Home & Lifestyle,Bottle,2,399,15,678.3,Card,Non-Member,4
2024-05-17,C0345,S004,Mobile Zone,Electronics,Power Bank,3,999,5,2847.15,UPI,Non-Member,4
2024-05-18,C0314,S008,Book House,Books,Business Book,3,699,10,1887.3,Card,Member,4
2024-05-18,C0194,S005,Home Needs,Home & Lifestyle,Cushion,2,499,0,998.0,Card,Non-Member,4
2024-05-19,C0047,S004,Mobile Zone,Electronics,Headphones,2,1499,0,2998.0,UPI,Non-Member,5
2024-05-19,C0106,S005,Home Needs,Home & Lifestyle,Bedsheet,1,1299,0,1299.0,UPI,Non-Member,4
2024-05-19,C0481,S003,Tech World,Electronics,Power Bank,1,999,0,999.0,UPI,Non-Member,3
2024-05-19,C0355,S004,Mobile Zone,Electronics,Keyboard,2,1299,15,2208.3,UPI,Non-Member,5
2024-05-20,C0232,S001,Fashion Hub,Fashion,Sneakers,1,1999,15,1699.15,UPI,Non-Member,3
2024-05-20,C0415,S001,Fashion Hub,Fashion,Jacket,1,2499,0,2499.0,UPI,Non-Member,4
2024-05-20,C0246,S001,Fashion Hub,Fashion,Sneakers,1,1999,0,1999.0,UPI,Non-Member,5
2024-05-21,C0100,S003,Tech World,Electronics,Smart Watch,3,2999,20,7197.6,UPI,Non-Member,5
2024-05-22,C0482,S006,Beauty Corner,Beauty,Shampoo,3,499,0,1497.0,Card,Member,4
2024-05-22,C0192,S008,Book House,Books,Business Book,2,699,5,1328.1,Cash,Non-Member,5
2024-05-22,C0191,S004,Mobile Zone,Electronics,Smart Watch,1,2999,20,2399.2,UPI,Member,3
2024-05-23,C0373,S007,Sports Arena,Sports,Sports Shoes,1,2499,0,2499.0,UPI,Member,4
2024-05-23,C0073,S004,Mobile Zone,Electronics,Bluetooth Speaker,1,1799,0,1799.0,UPI,Member,3
2024-05-24,C0465,S002,Style Point,Fashion,Jeans,2,1499,10,2698.2,Card,Non-Member,5
2024-05-25,C0403,S004,Mobile Zone,Electronics,Keyboard,1,1299,0,1299.0,Card,Member,4
2024-05-26,C0495,S005,Home Needs,Home & Lifestyle,Storage Box,2,699,0,1398.0,Card,Member,4
2024-05-26,C0148,S003,Tech World,Electronics,Keyboard,1,1299,0,1299.0,Cash,Non-Member,3
2024-05-26,C0112,S007,Sports Arena,Sports,Cricket Bat,1,1999,15,1699.15,UPI,Member,4
2024-05-27,C0277,S008,Book House,Books,Business Book,1,699,15,594.15,Card,Member,5
2024-05-28,C0329,S002,Style Point,Fashion,Sneakers,1,1999,5,1899.05,Card,Non-Member,4
2024-05-28,C0398,S005,Home Needs,Home & Lifestyle,Bedsheet,3,1299,20,3117.6,Card,Non-Member,5
2024-05-28,C0322,S003,Tech World,Electronics,Keyboard,2,1299,5,2468.1,Card,Member,5
2024-05-28,C0473,S006,Beauty Corner,Beauty,Face Wash,1,399,20,319.2,UPI,Non-Member,5
2024-05-29,C0363,S001,Fashion Hub,Fashion,Sneakers,1,1999,20,1599.2,Cash,Member,4
2024-05-29,C0328,S003,Tech World,Electronics,Bluetooth Speaker,2,1799,15,3058.3,Cash,Member,5
2024-05-29,C0314,S003,Tech World,Electronics,Headphones,1,1499,20,1199.2,Card,Non-Member,3
2024-05-30,C0384,S007,Sports Arena,Sports,Sports Shoes,3,2499,10,6747.3,Card,Member,4
2024-05-31,C0005,S004,Mobile Zone,Electronics,Smart Watch,1,2999,5,2849.05,Cash,Non-Member,4
2024-05-31,C0443,S005,Home Needs,Home & Lifestyle,Bottle,2,399,20,638.4,Cash,Member,4
2024-06-01,C0237,S005,Home Needs,Home & Lifestyle,Storage Box,1,699,10,629.1,Cash,Non-Member,5
2024-06-02,C0144,S006,Beauty Corner,Beauty,Moisturizer,1,599,10,539.1,Cash,Member,5
2024-06-02,C0130,S007,Sports Arena,Sports,Football,1,899,15,764.15,Cash,Non-Member,3
2024-06-03,C0257,S008,Book House,Books,Magazine,2,149,20,238.4,Card,Non-Member,5
2024-06-03,C0490,S008,Book House,Books,Notebook,3,199,0,597.0,Card,Non-Member,3
2024-06-04,C0473,S002,Style Point,Fashion,Shirt,2,999,15,1698.3,UPI,Non-Member,4
2024-06-05,C0335,S002,Style Point,Fashion,T-Shirt,3,799,0,2397.0,UPI,Non-Member,4
2024-06-06,C0098,S004,Mobile Zone,Electronics,Headphones,1,1499,5,1424.05,Card,Member,4
2024-06-06,C0098,S006,Beauty Corner,Beauty,Shampoo,2,499,15,848.3,Card,Member,5
2024-06-08,C0154,S007,Sports Arena,Sports,Sports Shoes,2,2499,10,4498.2,Card,Member,5
2024-06-09,C0359,S001,Fashion Hub,Fashion,Jacket,2,2499,0,4998.0,Card,Member,4
2024-06-09,C0270,S005,Home Needs,Home & Lifestyle,Lamp,1,899,10,809.1,UPI,Member,5
2024-06-10,C0245,S007,Sports Arena,Sports,Sports Shoes,1,2499,5,2374.05,Card,Member,4
2024-06-10,C0281,S003,Tech World,Electronics,Smart Watch,2,2999,10,5398.2,UPI,Non-Member,4
2024-06-10,C0393,S008,Book House,Books,Novel,2,399,15,678.3,Cash,Non-Member,4
2024-06-10,C0357,S002,Style Point,Fashion,Sneakers,1,1999,10,1799.1,UPI,Member,5
2024-06-10,C0067,S008,Book House,Books,Notebook,1,199,10,179.1,Cash,Member,5
2024-06-10,C0202,S006,Beauty Corner,Beauty,Moisturizer,1,599,0,599.0,Card,Non-Member,5
2024-06-10,C0283,S008,Book House,Books,Novel,1,399,5,379.05,UPI,Non-Member,4
2024-06-11,C0015,S001,Fashion Hub,Fashion,Shirt,1,999,10,899.1,Cash,Member,5
2024-06-12,C0148,S004,Mobile Zone,Electronics,Headphones,1,1499,15,1274.15,Card,Non-Member,4
2024-06-12,C0485,S002,Style Point,Fashion,Jacket,2,2499,0,4998.0,UPI,Non-Member,3
2024-06-13,C0182,S008,Book House,Books,Business Book,2,699,10,1258.2,UPI,Non-Member,4
2024-06-14,C0383,S005,Home Needs,Home & Lifestyle,Bedsheet,2,1299,0,2598.0,Cash,Non-Member,5
2024-06-14,C0022,S003,Tech World,Electronics,Smart Watch,2,2999,0,5998.0,Card,Member,4
2024-06-14,C0316,S008,Book House,Books,Magazine,1,149,20,119.2,UPI,Non-Member,3
2024-06-15,C0460,S004,Mobile Zone,Electronics,Keyboard,1,1299,0,1299.0,UPI,Non-Member,3
2024-06-16,C0442,S001,Fashion Hub,Fashion,Sneakers,1,1999,20,1599.2,Cash,Member,5
2024-06-16,C0045,S005,Home Needs,Home & Lifestyle,Bottle,2,399,10,718.2,UPI,Member,5
2024-06-16,C0438,S008,Book House,Books,Business Book,1,699,20,559.2,UPI,Non-Member,5
2024-06-17,C0217,S006,Beauty Corner,Beauty,Lip Balm,3,249,0,747.0,Card,Member,5
2024-06-18,C0252,S004,Mobile Zone,Electronics,Keyboard,1,1299,5,1234.05,Card,Member,4
2024-06-18,C0009,S001,Fashion Hub,Fashion,Shirt,1,999,0,999.0,Cash,Non-Member,3
2024-06-18,C0178,S006,Beauty Corner,Beauty,Moisturizer,3,599,15,1527.45,UPI,Member,4
2024-06-19,C0134,S006,Beauty Corner,Beauty,Face Wash,2,399,0,798.0,Cash,Member,4
2024-06-19,C0474,S005,Home Needs,Home & Lifestyle,Bedsheet,1,1299,10,1169.1,Card,Member,4
2024-06-20,C0386,S002,Style Point,Fashion,Jeans,2,1499,0,2998.0,UPI,Non-Member,4
2024-06-20,C0265,S008,Book House,Books,Magazine,3,149,0,447.0,Cash,Non-Member,4
2024-06-20,C0064,S002,Style Point,Fashion,Sneakers,3,1999,0,5997.0,Cash,Non-Member,4
2024-06-21,C0004,S005,Home Needs,Home & Lifestyle,Lamp,1,899,5,854.05,Card,Non-Member,4
2024-06-21,C0151,S007,Sports Arena,Sports,Sports Shoes,1,2499,5,2374.05,UPI,Non-Member,5
2024-06-21,C0160,S005,Home Needs,Home & Lifestyle,Storage Box,1,699,15,594.15,UPI,Member,3
2024-06-21,C0141,S002,Style Point,Fashion,Jeans,1,1499,20,1199.2,Card,Non-Member,5
2024-06-22,C0470,S006,Beauty Corner,Beauty,Face Wash,1,399,15,339.15,UPI,Member,4
2024-06-23,C0487,S006,Beauty Corner,Beauty,Perfume,1,999,0,999.0,UPI,Member,3
2024-06-23,C0222,S008,Book House,Books,Children Book,1,299,10,269.1,UPI,Non-Member,5
2024-06-24,C0238,S001,Fashion Hub,Fashion,Sneakers,1,1999,10,1799.1,Card,Member,3
2024-06-24,C0142,S006,Beauty Corner,Beauty,Face Wash,3,399,20,957.6,UPI,Non-Member,4
2024-06-25,C0063,S007,Sports Arena,Sports,Skipping Rope,1,299,0,299.0,UPI,Member,3
2024-06-25,C0198,S004,Mobile Zone,Electronics,Smart Watch,1,2999,15,2549.15,Cash,Member,3
2024-06-25,C0299,S004,Mobile Zone,Electronics,Smart Watch,3,2999,15,7647.45,Card,Member,4
2024-06-25,C0285,S003,Tech World,Electronics,Headphones,2,1499,20,2398.4,Cash,Member,5
2024-06-26,C0377,S004,Mobile Zone,Electronics,Smart Watch,2,2999,20,4798.4,Cash,Member,4
2024-06-27,C0197,S007,Sports Arena,Sports,Skipping Rope,3,299,0,897.0,Cash,Member,3
2024-06-27,C0132,S003,Tech World,Electronics,Keyboard,1,1299,15,1104.15,Cash,Member,4
2024-06-27,C0238,S001,Fashion Hub,Fashion,Jacket,3,2499,10,6747.3,Cash,Member,5
2024-06-28,C0213,S001,Fashion Hub,Fashion,T-Shirt,1,799,0,799.0,UPI,Non-Member,4
2024-06-28,C0097,S004,Mobile Zone,Electronics,Headphones,1,1499,20,1199.2,Cash,Non-Member,3
2024-06-29,C0019,S004,Mobile Zone,Electronics,Power Bank,3,999,5,2847.15,Card,Member,3
2024-06-29,C0157,S004,Mobile Zone,Electronics,Power Bank,1,999,0,999.0,Card,Member,3
2024-06-29,C0466,S004,Mobile Zone,Electronics,Keyboard,2,1299,10,2338.2,Card,Non-Member,3
2024-07-01,C0113,S008,Book House,Books,Magazine,2,149,20,238.4,Cash,Member,4
2024-07-01,C0309,S001,Fashion Hub,Fashion,Sneakers,1,1999,0,1999.0,Card,Non-Member,4
2024-07-01,C0117,S004,Mobile Zone,Electronics,Power Bank,2,999,10,1798.2,Card,Non-Member,4
2024-07-03,C0032,S003,Tech World,Electronics,Keyboard,2,1299,0,2598.0,Card,Member,4
2024-07-03,C0468,S006,Beauty Corner,Beauty,Shampoo,2,499,20,798.4,Card,Member,4
2024-07-03,C0069,S007,Sports Arena,Sports,Sports Shoes,2,2499,5,4748.1,UPI,Non-Member,4
2024-07-05,C0498,S003,Tech World,Electronics,Keyboard,1,1299,20,1039.2,Card,Non-Member,4
2024-07-05,C0295,S005,Home Needs,Home & Lifestyle,Bottle,1,399,10,359.1,Cash,Non-Member,4
2024-07-06,C0317,S001,Fashion Hub,Fashion,Sneakers,1,1999,10,1799.1,Card,Member,3
2024-07-06,C0191,S004,Mobile Zone,Electronics,Keyboard,2,1299,20,2078.4,UPI,Member,5
2024-07-06,C0380,S008,Book House,Books,Notebook,1,199,10,179.1,UPI,Member,5
2024-07-08,C0225,S005,Home Needs,Home & Lifestyle,Bedsheet,2,1299,10,2338.2,UPI,Member,4
2024-07-08,C0471,S004,Mobile Zone,Electronics,Power Bank,3,999,20,2397.6,UPI,Member,4
2024-07-09,C0461,S006,Beauty Corner,Beauty,Face Wash,2,399,0,798.0,UPI,Non-Member,5
2024-07-10,C0429,S008,Book House,Books,Magazine,2,149,0,298.0,UPI,Member,4
2024-07-10,C0404,S005,Home Needs,Home & Lifestyle,Bedsheet,3,1299,10,3507.3,Card,Non-Member,4
2024-07-12,C0235,S006,Beauty Corner,Beauty,Lip Balm,2,249,0,498.0,Card,Non-Member,4
2024-07-12,C0191,S007,Sports Arena,Sports,Football,2,899,5,1708.1,Cash,Member,4
2024-07-12,C0482,S006,Beauty Corner,Beauty,Moisturizer,2,599,5,1138.1,Cash,Non-Member,4
2024-07-13,C0015,S007,Sports Arena,Sports,Yoga Mat,3,799,5,2277.15,UPI,Member,3
2024-07-14,C0331,S007,Sports Arena,Sports,Football,1,899,0,899.0,UPI,Non-Member,5
2024-07-14,C0417,S007,Sports Arena,Sports,Yoga Mat,2,799,20,1278.4,Cash,Non-Member,3
2024-07-16,C0216,S002,Style Point,Fashion,Shirt,2,999,15,1698.3,UPI,Member,4
2024-07-16,C0094,S001,Fashion Hub,Fashion,Jeans,1,1499,0,1499.0,Cash,Member,5
2024-07-16,C0470,S008,Book House,Books,Magazine,2,149,0,298.0,Cash,Member,3
2024-07-16,C0098,S001,Fashion Hub,Fashion,Jeans,3,1499,20,3597.6,UPI,Non-Member,5
2024-07-16,C0260,S004,Mobile Zone,Electronics,Bluetooth Speaker,1,1799,0,1799.0,Cash,Member,5
2024-07-16,C0044,S005,Home Needs,Home & Lifestyle,Bottle,1,399,5,379.05,UPI,Member,4
2024-07-17,C0043,S003,Tech World,Electronics,Bluetooth Speaker,1,1799,10,1619.1,Cash,Non-Member,4
2024-07-18,C0074,S004,Mobile Zone,Electronics,Power Bank,2,999,5,1898.1,UPI,Member,5
2024-07-19,C0337,S008,Book House,Books,Business Book,2,699,15,1188.3,UPI,Non-Member,4
2024-07-19,C0239,S005,Home Needs,Home & Lifestyle,Bottle,3,399,15,1017.45,Card,Member,3
2024-07-19,C0369,S003,Tech World,Electronics,Keyboard,1,1299,10,1169.1,UPI,Member,4
2024-07-20,C0458,S005,Home Needs,Home & Lifestyle,Lamp,3,899,0,2697.0,UPI,Non-Member,3
2024-07-20,C0436,S007,Sports Arena,Sports,Yoga Mat,2,799,0,1598.0,UPI,Member,4
2024-07-21,C0325,S006,Beauty Corner,Beauty,Face Wash,2,399,5,758.1,UPI,Member,4
2024-07-21,C0184,S004,Mobile Zone,Electronics,Smart Watch,3,2999,10,8097.3,Cash,Member,5
2024-07-22,C0196,S003,Tech World,Electronics,Headphones,2,1499,15,2548.3,UPI,Member,4
2024-07-23,C0489,S004,Mobile Zone,Electronics,Headphones,1,1499,5,1424.05,Cash,Member,3
2024-07-23,C0469,S001,Fashion Hub,Fashion,Jacket,1,2499,0,2499.0,UPI,Non-Member,3
2024-07-25,C0151,S004,Mobile Zone,Electronics,Bluetooth Speaker,2,1799,10,3238.2,UPI,Member,3
2024-07-25,C0157,S008,Book House,Books,Novel,3,399,5,1137.15,Cash,Member,4
2024-07-27,C0493,S007,Sports Arena,Sports,Cricket Bat,2,1999,10,3598.2,Card,Member,5
2024-07-28,C0304,S003,Tech World,Electronics,Power Bank,2,999,0,1998.0,UPI,Member,4
2024-07-28,C0126,S003,Tech World,Electronics,Keyboard,1,1299,5,1234.05,UPI,Non-Member,4
2024-07-30,C0179,S002,Style Point,Fashion,Jacket,3,2499,10,6747.3,UPI,Member,4
2024-07-30,C0156,S002,Style Point,Fashion,Jacket,2,2499,0,4998.0,Card,Non-Member,4
2024-08-01,C0404,S008,Book House,Books,Notebook,1,199,5,189.05,Cash,Member,4
2024-08-01,C0153,S003,Tech World,Electronics,Headphones,1,1499,20,1199.2,Card,Member,5
2024-08-02,C0435,S007,Sports Arena,Sports,Football,2,899,20,1438.4,Cash,Non-Member,4
2024-08-02,C0171,S008,Book House,Books,Magazine,3,149,5,424.65,UPI,Member,4
2024-08-03,C0104,S007,Sports Arena,Sports,Skipping Rope,3,299,20,717.6,Cash,Non-Member,5
2024-08-03,C0147,S003,Tech World,Electronics,Smart Watch,1,2999,15,2549.15,UPI,Member,4
2024-08-04,C0321,S004,Mobile Zone,Electronics,Headphones,2,1499,0,2998.0,Card,Non-Member,4
2024-08-04,C0245,S006,Beauty Corner,Beauty,Lip Balm,2,249,10,448.2,Cash,Non-Member,5
2024-08-05,C0062,S007,Sports Arena,Sports,Cricket Bat,1,1999,0,1999.0,UPI,Non-Member,3
2024-08-05,C0189,S003,Tech World,Electronics,Smart Watch,2,2999,20,4798.4,UPI,Member,4
2024-08-06,C0277,S005,Home Needs,Home & Lifestyle,Lamp,1,899,0,899.0,UPI,Non-Member,4
2024-08-06,C0406,S007,Sports Arena,Sports,Football,2,899,10,1618.2,UPI,Member,3
2024-08-06,C0487,S008,Book House,Books,Magazine,2,149,0,298.0,UPI,Member,4
2024-08-07,C0406,S003,Tech World,Electronics,Keyboard,1,1299,10,1169.1,Card,Member,4
2024-08-08,C0464,S007,Sports Arena,Sports,Football,1,899,5,854.05,Card,Non-Member,5
2024-08-08,C0392,S007,Sports Arena,Sports,Cricket Bat,2,1999,15,3398.3,UPI,Non-Member,4
2024-08-08,C0483,S002,Style Point,Fashion,Sneakers,3,1999,15,5097.45,Cash,Member,4
2024-08-09,C0152,S005,Home Needs,Home & Lifestyle,Bottle,2,399,0,798.0,Card,Non-Member,3
2024-08-09,C0383,S003,Tech World,Electronics,Power Bank,1,999,15,849.15,UPI,Non-Member,4
2024-08-09,C0173,S002,Style Point,Fashion,Jacket,1,2499,0,2499.0,UPI,Non-Member,5
2024-08-11,C0154,S003,Tech World,Electronics,Bluetooth Speaker,2,1799,0,3598.0,Cash,Member,3
2024-08-11,C0318,S008,Book House,Books,Children Book,1,299,0,299.0,UPI,Member,3
2024-08-11,C0318,S005,Home Needs,Home & Lifestyle,Lamp,1,899,15,764.15,UPI,Member,4
2024-08-12,C0202,S002,Style Point,Fashion,T-Shirt,1,799,15,679.15,Card,Non-Member,5
2024-08-12,C0217,S001,Fashion Hub,Fashion,T-Shirt,1,799,10,719.1,Cash,Member,4
2024-08-13,C0313,S005,Home Needs,Home & Lifestyle,Storage Box,1,699,15,594.15,Card,Member,3
2024-08-14,C0013,S004,Mobile Zone,Electronics,Bluetooth Speaker,2,1799,5,3418.1,UPI,Member,5
2024-08-14,C0320,S005,Home Needs,Home & Lifestyle,Cushion,1,499,10,449.1,Card,Non-Member,5
2024-08-14,C0016,S005,Home Needs,Home & Lifestyle,Lamp,1,899,5,854.05,Card,Member,3
2024-08-15,C0471,S005,Home Needs,Home & Lifestyle,Storage Box,1,699,0,699.0,UPI,Non-Member,4
2024-08-15,C0188,S008,Book House,Books,Novel,2,399,0,798.0,Card,Non-Member,4
2024-08-16,C0226,S005,Home Needs,Home & Lifestyle,Cushion,1,499,0,499.0,Cash,Member,4
2024-08-16,C0467,S007,Sports Arena,Sports,Sports Shoes,1,2499,0,2499.0,UPI,Member,4
2024-08-17,C0402,S001,Fashion Hub,Fashion,Shirt,2,999,15,1698.3,Card,Non-Member,4
2024-08-17,C0227,S002,Style Point,Fashion,Shirt,1,999,0,999.0,Cash,Non-Member,5
2024-08-17,C0189,S005,Home Needs,Home & Lifestyle,Lamp,1,899,0,899.0,Cash,Non-Member,4
2024-08-17,C0321,S004,Mobile Zone,Electronics,Smart Watch,2,2999,0,5998.0,Cash,Non-Member,3
2024-08-17,C0182,S003,Tech World,Electronics,Keyboard,1,1299,0,1299.0,UPI,Non-Member,5
2024-08-18,C0254,S001,Fashion Hub,Fashion,Shirt,2,999,15,1698.3,UPI,Member,3
2024-08-18,C0383,S003,Tech World,Electronics,Bluetooth Speaker,3,1799,15,4587.45,Cash,Member,4
2024-08-18,C0237,S008,Book House,Books,Children Book,3,299,15,762.45,Cash,Member,5
2024-08-18,C0201,S005,Home Needs,Home & Lifestyle,Bedsheet,2,1299,15,2208.3,UPI,Non-Member,5
2024-08-19,C0382,S007,Sports Arena,Sports,Cricket Bat,1,1999,10,1799.1,Cash,Member,3
2024-08-20,C0195,S001,Fashion Hub,Fashion,Jeans,1,1499,0,1499.0,Cash,Non-Member,4
2024-08-23,C0306,S005,Home Needs,Home & Lifestyle,Cushion,2,499,20,798.4,Card,Member,4
2024-08-23,C0463,S008,Book House,Books,Magazine,1,149,0,149.0,UPI,Member,5
2024-08-23,C0389,S004,Mobile Zone,Electronics,Keyboard,2,1299,10,2338.2,Card,Member,5
2024-08-24,C0445,S005,Home Needs,Home & Lifestyle,Bottle,3,399,0,1197.0,Cash,Member,5
2024-08-25,C0381,S007,Sports Arena,Sports,Football,3,899,20,2157.6,Cash,Member,3
2024-08-29,C0149,S004,Mobile Zone,Electronics,Smart Watch,3,2999,5,8547.15,Card,Member,5
2024-08-29,C0216,S004,Mobile Zone,Electronics,Smart Watch,2,2999,15,5098.3,Cash,Member,5
2024-08-30,C0275,S004,Mobile Zone,Electronics,Headphones,2,1499,20,2398.4,Cash,Member,4
2024-08-31,C0348,S007,Sports Arena,Sports,Skipping Rope,2,299,0,598.0,UPI,Member,5
2024-08-31,C0270,S006,Beauty Corner,Beauty,Shampoo,1,499,0,499.0,Cash,Member,5
2024-09-01,C0336,S002,Style Point,Fashion,T-Shirt,1,799,5,759.05,Card,Non-Member,5
2024-09-02,C0056,S003,Tech World,Electronics,Smart Watch,1,2999,5,2849.05,Card,Member,5
2024-09-02,C0176,S008,Book House,Books,Novel,1,399,5,379.05,Cash,Member,4
2024-09-02,C0187,S001,Fashion Hub,Fashion,Jeans,1,1499,20,1199.2,UPI,Member,4
2024-09-03,C0148,S006,Beauty Corner,Beauty,Shampoo,1,499,5,474.05,Card,Non-Member,5
2024-09-03,C0264,S002,Style Point,Fashion,Shirt,1,999,10,899.1,Cash,Member,5
2024-09-04,C0214,S005,Home Needs,Home & Lifestyle,Storage Box,1,699,5,664.05,Cash,Member,5
2024-09-04,C0140,S004,Mobile Zone,Electronics,Headphones,3,1499,20,3597.6,Card,Non-Member,4
2024-09-06,C0314,S005,Home Needs,Home & Lifestyle,Lamp,2,899,0,1798.0,UPI,Non-Member,5
2024-09-06,C0437,S004,Mobile Zone,Electronics,Power Bank,1,999,5,949.05,UPI,Member,5
2024-09-06,C0363,S008,Book House,Books,Business Book,2,699,0,1398.0,UPI,Member,4
2024-09-06,C0140,S008,Book House,Books,Magazine,1,149,10,134.1,UPI,Member,4
2024-09-06,C0478,S006,Beauty Corner,Beauty,Face Wash,2,399,10,718.2,Cash,Non-Member,4
2024-09-07,C0009,S005,Home Needs,Home & Lifestyle,Lamp,1,899,15,764.15,Cash,Non-Member,4
2024-09-07,C0366,S006,Beauty Corner,Beauty,Shampoo,2,499,20,798.4,UPI,Non-Member,3
2024-09-07,C0233,S007,Sports Arena,Sports,Football,1,899,0,899.0,UPI,Member,4
2024-09-09,C0454,S005,Home Needs,Home & Lifestyle,Cushion,1,499,20,399.2,Card,Member,4
2024-09-09,C0019,S006,Beauty Corner,Beauty,Shampoo,1,499,0,499.0,Cash,Member,4
2024-09-10,C0007,S005,Home Needs,Home & Lifestyle,Storage Box,2,699,0,1398.0,Cash,Non-Member,5
2024-09-11,C0489,S004,Mobile Zone,Electronics,Bluetooth Speaker,2,1799,5,3418.1,UPI,Non-Member,5
2024-09-11,C0085,S005,Home Needs,Home & Lifestyle,Cushion,1,499,15,424.15,Card,Non-Member,4
2024-09-11,C0143,S007,Sports Arena,Sports,Cricket Bat,2,1999,5,3798.1,UPI,Non-Member,3
2024-09-14,C0234,S002,Style Point,Fashion,Shirt,1,999,0,999.0,UPI,Non-Member,5
2024-09-14,C0332,S006,Beauty Corner,Beauty,Moisturizer,1,599,20,479.2,UPI,Non-Member,4
2024-09-16,C0486,S003,Tech World,Electronics,Headphones,1,1499,10,1349.1,UPI,Member,4
2024-09-17,C0482,S001,Fashion Hub,Fashion,Shirt,1,999,10,899.1,Card,Member,5
2024-09-18,C0315,S006,Beauty Corner,Beauty,Perfume,1,999,0,999.0,UPI,Member,5
2024-09-19,C0051,S005,Home Needs,Home & Lifestyle,Lamp,2,899,20,1438.4,UPI,Member,4
2024-09-19,C0085,S001,Fashion Hub,Fashion,T-Shirt,1,799,5,759.05,Card,Member,4
2024-09-19,C0306,S003,Tech World,Electronics,Headphones,3,1499,5,4272.15,Card,Non-Member,3
2024-09-20,C0462,S003,Tech World,Electronics,Bluetooth Speaker,2,1799,5,3418.1,Card,Member,5
2024-09-21,C0205,S002,Style Point,Fashion,Shirt,2,999,5,1898.1,Cash,Member,4
2024-09-21,C0372,S002,Style Point,Fashion,Sneakers,1,1999,15,1699.15,Card,Non-Member,5
2024-09-21,C0468,S003,Tech World,Electronics,Keyboard,1,1299,20,1039.2,Card,Member,4
2024-09-21,C0363,S008,Book House,Books,Novel,2,399,0,798.0,Card,Non-Member,5
2024-09-22,C0309,S005,Home Needs,Home & Lifestyle,Bedsheet,1,1299,5,1234.05,Cash,Member,5
2024-09-23,C0310,S003,Tech World,Electronics,Power Bank,2,999,0,1998.0,UPI,Member,4
2024-09-23,C0069,S006,Beauty Corner,Beauty,Moisturizer,1,599,15,509.15,Cash,Member,3
2024-09-24,C0419,S006,Beauty Corner,Beauty,Perfume,3,999,0,2997.0,Cash,Member,5
2024-09-25,C0162,S007,Sports Arena,Sports,Skipping Rope,2,299,20,478.4,Card,Non-Member,4
2024-09-25,C0414,S005,Home Needs,Home & Lifestyle,Storage Box,1,699,0,699.0,UPI,Member,4
2024-09-25,C0020,S007,Sports Arena,Sports,Skipping Rope,2,299,20,478.4,Card,Member,4
2024-09-25,C0404,S006,Beauty Corner,Beauty,Face Wash,2,399,15,678.3,Cash,Non-Member,5
2024-09-26,C0120,S002,Style Point,Fashion,Jacket,1,2499,10,2249.1,Card,Non-Member,5
2024-09-26,C0247,S002,Style Point,Fashion,Jacket,2,2499,15,4248.3,Cash,Member,3
2024-09-26,C0316,S004,Mobile Zone,Electronics,Bluetooth Speaker,1,1799,0,1799.0,Card,Member,5
2024-09-27,C0244,S002,Style Point,Fashion,Jacket,1,2499,10,2249.1,Card,Non-Member,5
2024-09-27,C0123,S006,Beauty Corner,Beauty,Lip Balm,1,249,15,211.65,UPI,Non-Member,5
2024-09-27,C0259,S001,Fashion Hub,Fashion,Jeans,2,1499,0,2998.0,Cash,Member,5
2024-09-28,C0418,S003,Tech World,Electronics,Headphones,2,1499,15,2548.3,Card,Member,4
2024-09-28,C0322,S005,Home Needs,Home & Lifestyle,Bottle,2,399,0,798.0,UPI,Non-Member,4
2024-09-28,C0440,S005,Home Needs,Home & Lifestyle,Storage Box,2,699,0,1398.0,Cash,Member,4
2024-09-28,C0495,S002,Style Point,Fashion,Sneakers,3,1999,20,4797.6,Cash,Member,4
2024-09-29,C0325,S002,Style Point,Fashion,Shirt,1,999,20,799.2,Cash,Non-Member,4
2024-09-29,C0006,S007,Sports Arena,Sports,Yoga Mat,2,799,5,1518.1,Cash,Non-Member,5
2024-09-29,C0111,S008,Book House,Books,Novel,2,399,10,718.2,Card,Non-Member,5
2024-09-30,C0019,S001,Fashion Hub,Fashion,Jacket,1,2499,15,2124.15,Cash,Member,5
2024-09-30,C0259,S004,Mobile Zone,Electronics,Bluetooth Speaker,2,1799,20,2878.4,Cash,Member,4
2024-10-02,C0380,S008,Book House,Books,Magazine,3,149,20,357.6,Cash,Member,4
2024-10-02,C0073,S004,Mobile Zone,Electronics,Keyboard,2,1299,15,2208.3,Cash,Non-Member,4
2024-10-02,C0498,S008,Book House,Books,Notebook,1,199,10,179.1,UPI,Non-Member,4
2024-10-03,C0227,S001,Fashion Hub,Fashion,Sneakers,1,1999,0,1999.0,UPI,Non-Member,4
2024-10-03,C0236,S004,Mobile Zone,Electronics,Power Bank,2,999,5,1898.1,Card,Member,5
2024-10-03,C0438,S007,Sports Arena,Sports,Football,3,899,10,2427.3,Cash,Non-Member,4
2024-10-04,C0320,S006,Beauty Corner,Beauty,Moisturizer,1,599,0,599.0,UPI,Member,3
2024-10-04,C0324,S003,Tech World,Electronics,Smart Watch,1,2999,20,2399.2,Cash,Non-Member,3
2024-10-04,C0171,S002,Style Point,Fashion,Shirt,2,999,15,1698.3,UPI,Member,3
2024-10-05,C0440,S005,Home Needs,Home & Lifestyle,Lamp,1,899,0,899.0,UPI,Non-Member,4
2024-10-05,C0479,S005,Home Needs,Home & Lifestyle,Lamp,1,899,10,809.1,Cash,Non-Member,5
2024-10-05,C0171,S006,Beauty Corner,Beauty,Face Wash,1,399,0,399.0,Cash,Non-Member,4
2024-10-05,C0059,S003,Tech World,Electronics,Power Bank,1,999,0,999.0,Card,Member,4
2024-10-07,C0275,S008,Book House,Books,Notebook,1,199,0,199.0,UPI,Member,4
2024-10-08,C0360,S005,Home Needs,Home & Lifestyle,Bottle,1,399,10,359.1,Cash,Member,4
2024-10-08,C0050,S005,Home Needs,Home & Lifestyle,Bedsheet,1,1299,20,1039.2,Card,Member,5
2024-10-08,C0474,S006,Beauty Corner,Beauty,Lip Balm,1,249,15,211.65,Cash,Non-Member,5
2024-10-09,C0312,S005,Home Needs,Home & Lifestyle,Lamp,2,899,10,1618.2,Card,Member,3
2024-10-09,C0058,S007,Sports Arena,Sports,Cricket Bat,2,1999,0,3998.0,Card,Non-Member,3
2024-10-09,C0104,S007,Sports Arena,Sports,Skipping Rope,2,299,0,598.0,UPI,Non-Member,4
2024-10-09,C0079,S002,Style Point,Fashion,Jeans,1,1499,5,1424.05,Cash,Non-Member,5
2024-10-10,C0213,S008,Book House,Books,Notebook,2,199,5,378.1,Cash,Member,5
2024-10-12,C0001,S002,Style Point,Fashion,Jeans,2,1499,10,2698.2,Card,Non-Member,5
2024-10-12,C0071,S007,Sports Arena,Sports,Football,1,899,15,764.15,Cash,Non-Member,5
2024-10-12,C0144,S006,Beauty Corner,Beauty,Moisturizer,1,599,15,509.15,Cash,Non-Member,3
2024-10-13,C0303,S004,Mobile Zone,Electronics,Smart Watch,2,2999,15,5098.3,UPI,Member,4
2024-10-14,C0470,S002,Style Point,Fashion,T-Shirt,1,799,20,639.2,Card,Non-Member,5
2024-10-15,C0379,S003,Tech World,Electronics,Headphones,1,1499,5,1424.05,UPI,Non-Member,4
2024-10-15,C0031,S001,Fashion Hub,Fashion,Sneakers,1,1999,0,1999.0,Card,Non-Member,4
2024-10-16,C0441,S005,Home Needs,Home & Lifestyle,Cushion,2,499,5,948.1,UPI,Member,5
2024-10-17,C0485,S005,Home Needs,Home & Lifestyle,Storage Box,2,699,20,1118.4,Card,Non-Member,3
2024-10-17,C0053,S004,Mobile Zone,Electronics,Bluetooth Speaker,1,1799,10,1619.1,Cash,Non-Member,4
2024-10-17,C0008,S001,Fashion Hub,Fashion,Jeans,1,1499,15,1274.15,UPI,Non-Member,4
2024-10-19,C0153,S006,Beauty Corner,Beauty,Shampoo,2,499,0,998.0,UPI,Member,5
2024-10-20,C0209,S007,Sports Arena,Sports,Football,1,899,15,764.15,Cash,Non-Member,4
2024-10-20,C0096,S006,Beauty Corner,Beauty,Face Wash,1,399,10,359.1,Cash,Member,3
2024-10-20,C0088,S007,Sports Arena,Sports,Skipping Rope,1,299,0,299.0,Cash,Member,5
2024-10-20,C0253,S005,Home Needs,Home & Lifestyle,Storage Box,1,699,10,629.1,Cash,Non-Member,4
2024-10-20,C0098,S008,Book House,Books,Notebook,1,199,20,159.2,UPI,Non-Member,5
2024-10-21,C0450,S004,Mobile Zone,Electronics,Smart Watch,3,2999,15,7647.45,UPI,Non-Member,4
2024-10-22,C0213,S007,Sports Arena,Sports,Sports Shoes,1,2499,20,1999.2,UPI,Non-Member,5
2024-10-22,C0328,S005,Home Needs,Home & Lifestyle,Cushion,1,499,0,499.0,Cash,Non-Member,5
2024-10-22,C0017,S002,Style Point,Fashion,Sneakers,1,1999,0,1999.0,UPI,Member,5
2024-10-23,C0134,S002,Style Point,Fashion,T-Shirt,1,799,0,799.0,Cash,Member,5
2024-10-24,C0296,S008,Book House,Books,Magazine,1,149,10,134.1,UPI,Member,3
2024-10-25,C0208,S008,Book House,Books,Children Book,1,299,0,299.0,Card,Member,4
2024-10-25,C0445,S001,Fashion Hub,Fashion,Sneakers,3,1999,5,5697.15,Cash,Member,5
2024-10-26,C0444,S002,Style Point,Fashion,Sneakers,1,1999,20,1599.2,Cash,Non-Member,3
2024-10-26,C0303,S003,Tech World,Electronics,Headphones,2,1499,5,2848.1,Cash,Member,4
2024-10-27,C0195,S003,Tech World,Electronics,Headphones,1,1499,15,1274.15,Cash,Member,5
2024-10-27,C0212,S002,Style Point,Fashion,T-Shirt,1,799,0,799.0,Cash,Member,4
2024-10-28,C0086,S001,Fashion Hub,Fashion,Jacket,2,2499,20,3998.4,UPI,Member,5
2024-10-28,C0181,S001,Fashion Hub,Fashion,Sneakers,2,1999,0,3998.0,Cash,Member,4
2024-10-29,C0087,S002,Style Point,Fashion,Shirt,1,999,15,849.15,Card,Non-Member,5
2024-10-29,C0438,S003,Tech World,Electronics,Keyboard,2,1299,10,2338.2,Card,Non-Member,4
2024-10-29,C0232,S003,Tech World,Electronics,Smart Watch,3,2999,0,8997.0,UPI,Non-Member,4
2024-10-30,C0293,S001,Fashion Hub,Fashion,Jacket,2,2499,0,4998.0,Cash,Non-Member,4
2024-10-31,C0473,S003,Tech World,Electronics,Keyboard,3,1299,5,3702.15,Cash,Non-Member,4
2024-10-31,C0451,S001,Fashion Hub,Fashion,Sneakers,2,1999,0,3998.0,Cash,Non-Member,3
2024-11-01,C0378,S001,Fashion Hub,Fashion,Sneakers,1,1999,20,1599.2,Card,Member,5
2024-11-02,C0335,S001,Fashion Hub,Fashion,T-Shirt,1,799,5,759.05,Cash,Non-Member,4
2024-11-02,C0021,S005,Home Needs,Home & Lifestyle,Bedsheet,2,1299,10,2338.2,Cash,Member,4
2024-11-02,C0266,S006,Beauty Corner,Beauty,Perfume,1,999,0,999.0,Card,Non-Member,3
2024-11-03,C0345,S003,Tech World,Electronics,Bluetooth Speaker,2,1799,20,2878.4,Cash,Member,5
2024-11-03,C0262,S003,Tech World,Electronics,Bluetooth Speaker,1,1799,0,1799.0,Card,Member,3
2024-11-04,C0227,S003,Tech World,Electronics,Bluetooth Speaker,1,1799,5,1709.05,Card,Member,3
2024-11-04,C0456,S002,Style Point,Fashion,Jacket,1,2499,20,1999.2,Cash,Non-Member,5
2024-11-05,C0150,S008,Book House,Books,Magazine,3,149,10,402.3,Cash,Non-Member,5
2024-11-05,C0441,S004,Mobile Zone,Electronics,Bluetooth Speaker,3,1799,10,4857.3,UPI,Member,4
2024-11-06,C0037,S005,Home Needs,Home & Lifestyle,Storage Box,1,699,15,594.15,Cash,Member,5
2024-11-07,C0309,S005,Home Needs,Home & Lifestyle,Storage Box,3,699,10,1887.3,Cash,Member,5
2024-11-09,C0184,S002,Style Point,Fashion,Shirt,2,999,10,1798.2,UPI,Non-Member,5
2024-11-09,C0295,S004,Mobile Zone,Electronics,Smart Watch,1,2999,0,2999.0,UPI,Member,5
2024-11-10,C0177,S005,Home Needs,Home & Lifestyle,Bedsheet,1,1299,5,1234.05,Cash,Member,4
2024-11-10,C0203,S002,Style Point,Fashion,Sneakers,2,1999,10,3598.2,UPI,Member,5
2024-11-11,C0014,S001,Fashion Hub,Fashion,Jeans,2,1499,0,2998.0,Card,Non-Member,3
2024-11-12,C0199,S006,Beauty Corner,Beauty,Lip Balm,1,249,15,211.65,Card,Non-Member,4
2024-11-13,C0444,S007,Sports Arena,Sports,Yoga Mat,3,799,0,2397.0,Card,Non-Member,5
2024-11-13,C0182,S008,Book House,Books,Magazine,1,149,0,149.0,Cash,Non-Member,5
2024-11-14,C0087,S001,Fashion Hub,Fashion,Jeans,1,1499,15,1274.15,UPI,Non-Member,4
2024-11-15,C0401,S003,Tech World,Electronics,Bluetooth Speaker,3,1799,20,4317.6,Card,Non-Member,3
2024-11-16,C0121,S003,Tech World,Electronics,Bluetooth Speaker,2,1799,10,3238.2,Card,Member,4
2024-11-17,C0450,S007,Sports Arena,Sports,Cricket Bat,1,1999,10,1799.1,Card,Member,4
2024-11-18,C0339,S005,Home Needs,Home & Lifestyle,Bedsheet,2,1299,5,2468.1,Cash,Non-Member,5
2024-11-18,C0210,S008,Book House,Books,Business Book,3,699,0,2097.0,Cash,Member,4
2024-11-19,C0384,S007,Sports Arena,Sports,Skipping Rope,1,299,15,254.15,Cash,Non-Member,3
2024-11-19,C0449,S004,Mobile Zone,Electronics,Bluetooth Speaker,1,1799,0,1799.0,Card,Member,4
2024-11-20,C0480,S004,Mobile Zone,Electronics,Smart Watch,1,2999,10,2699.1,Card,Member,4
2024-11-20,C0055,S005,Home Needs,Home & Lifestyle,Bedsheet,1,1299,0,1299.0,Card,Non-Member,4
2024-11-21,C0410,S008,Book House,Books,Notebook,1,199,15,169.15,Card,Non-Member,4
2024-11-21,C0409,S003,Tech World,Electronics,Bluetooth Speaker,1,1799,15,1529.15,Cash,Non-Member,4
2024-11-21,C0017,S004,Mobile Zone,Electronics,Smart Watch,1,2999,0,2999.0,UPI,Non-Member,4
2024-11-22,C0356,S005,Home Needs,Home & Lifestyle,Storage Box,1,699,10,629.1,UPI,Member,4
2024-11-23,C0103,S001,Fashion Hub,Fashion,T-Shirt,1,799,20,639.2,Cash,Member,4
2024-11-23,C0443,S006,Beauty Corner,Beauty,Lip Balm,3,249,0,747.0,Card,Member,4
2024-11-23,C0492,S007,Sports Arena,Sports,Cricket Bat,3,1999,0,5997.0,UPI,Non-Member,5
2024-11-23,C0043,S001,Fashion Hub,Fashion,Shirt,3,999,0,2997.0,Cash,Non-Member,5
2024-11-24,C0122,S007,Sports Arena,Sports,Yoga Mat,2,799,10,1438.2,UPI,Member,4
2024-11-24,C0461,S005,Home Needs,Home & Lifestyle,Cushion,1,499,10,449.1,Cash,Non-Member,3
2024-11-24,C0216,S003,Tech World,Electronics,Headphones,1,1499,10,1349.1,UPI,Member,5
2024-11-25,C0148,S007,Sports Arena,Sports,Yoga Mat,1,799,0,799.0,UPI,Member,5
2024-11-25,C0338,S008,Book House,Books,Children Book,1,299,0,299.0,Cash,Member,3
2024-11-26,C0333,S005,Home Needs,Home & Lifestyle,Bottle,2,399,0,798.0,Card,Member,4
2024-11-28,C0297,S004,Mobile Zone,Electronics,Bluetooth Speaker,1,1799,10,1619.1,Card,Member,5
2024-12-01,C0469,S006,Beauty Corner,Beauty,Face Wash,1,399,10,359.1,Card,Member,4
2024-12-01,C0095,S008,Book House,Books,Novel,1,399,0,399.0,Card,Member,5
2024-12-01,C0425,S001,Fashion Hub,Fashion,T-Shirt,2,799,0,1598.0,Cash,Non-Member,4
2024-12-02,C0298,S004,Mobile Zone,Electronics,Power Bank,1,999,20,799.2,Card,Non-Member,4
2024-12-02,C0132,S006,Beauty Corner,Beauty,Perfume,2,999,0,1998.0,UPI,Non-Member,4
2024-12-03,C0067,S006,Beauty Corner,Beauty,Lip Balm,1,249,0,249.0,Card,Member,3
2024-12-04,C0147,S006,Beauty Corner,Beauty,Face Wash,3,399,15,1017.45,Card,Member,5
2024-12-04,C0265,S002,Style Point,Fashion,Jacket,1,2499,10,2249.1,Cash,Non-Member,5
2024-12-04,C0493,S007,Sports Arena,Sports,Skipping Rope,1,299,20,239.2,Cash,Member,5
2024-12-05,C0204,S008,Book House,Books,Children Book,1,299,15,254.15,UPI,Non-Member,3
2024-12-06,C0057,S008,Book House,Books,Business Book,1,699,0,699.0,Card,Member,4
2024-12-07,C0482,S008,Book House,Books,Novel,3,399,10,1077.3,Cash,Non-Member,4
2024-12-08,C0280,S004,Mobile Zone,Electronics,Headphones,3,1499,15,3822.45,Card,Member,5
2024-12-09,C0194,S007,Sports Arena,Sports,Football,2,899,0,1798.0,Card,Member,4
2024-12-10,C0269,S005,Home Needs,Home & Lifestyle,Bedsheet,1,1299,15,1104.15,UPI,Non-Member,3
2024-12-11,C0193,S006,Beauty Corner,Beauty,Shampoo,2,499,0,998.0,UPI,Member,4
2024-12-13,C0050,S002,Style Point,Fashion,Jacket,2,2499,0,4998.0,UPI,Non-Member,5
2024-12-13,C0281,S007,Sports Arena,Sports,Yoga Mat,2,799,15,1358.3,Card,Member,4
2024-12-14,C0451,S006,Beauty Corner,Beauty,Moisturizer,1,599,0,599.0,UPI,Member,4
2024-12-14,C0448,S006,Beauty Corner,Beauty,Shampoo,2,499,5,948.1,UPI,Non-Member,4
2024-12-15,C0095,S006,Beauty Corner,Beauty,Perfume,3,999,20,2397.6,Cash,Member,4
2024-12-15,C0459,S001,Fashion Hub,Fashion,Sneakers,2,1999,0,3998.0,Cash,Member,4
2024-12-16,C0143,S002,Style Point,Fashion,Shirt,2,999,5,1898.1,UPI,Member,3
2024-12-17,C0460,S008,Book House,Books,Children Book,1,299,10,269.1,Card,Member,4
2024-12-17,C0033,S005,Home Needs,Home & Lifestyle,Lamp,3,899,0,2697.0,UPI,Non-Member,4
2024-12-19,C0231,S002,Style Point,Fashion,Jacket,3,2499,0,7497.0,UPI,Non-Member,5
2024-12-19,C0471,S002,Style Point,Fashion,Jacket,1,2499,20,1999.2,Card,Non-Member,5
2024-12-19,C0237,S002,Style Point,Fashion,T-Shirt,1,799,20,639.2,UPI,Member,4
2024-12-19,C0493,S006,Beauty Corner,Beauty,Shampoo,1,499,0,499.0,UPI,Member,4
2024-12-20,C0288,S007,Sports Arena,Sports,Yoga Mat,1,799,0,799.0,UPI,Non-Member,4
2024-12-20,C0337,S004,Mobile Zone,Electronics,Bluetooth Speaker,1,1799,20,1439.2,UPI,Non-Member,3
2024-12-21,C0197,S003,Tech World,Electronics,Bluetooth Speaker,1,1799,10,1619.1,Cash,Member,4
2024-12-21,C0054,S003,Tech World,Electronics,Keyboard,1,1299,0,1299.0,Card,Member,4
2024-12-22,C0383,S002,Style Point,Fashion,Sneakers,1,1999,10,1799.1,UPI,Non-Member,3
2024-12-22,C0201,S004,Mobile Zone,Electronics,Power Bank,1,999,10,899.1,Cash,Non-Member,5
2024-12-22,C0023,S007,Sports Arena,Sports,Sports Shoes,1,2499,20,1999.2,Card,Non-Member,5
2024-12-23,C0174,S002,Style Point,Fashion,Jeans,3,1499,5,4272.15,UPI,Member,3
2024-12-23,C0378,S005,Home Needs,Home & Lifestyle,Storage Box,1,699,0,699.0,UPI,Member,5
2024-12-23,C0016,S005,Home Needs,Home & Lifestyle,Storage Box,1,699,5,664.05,Card,Non-Member,3
2024-12-25,C0388,S007,Sports Arena,Sports,Yoga Mat,3,799,10,2157.3,UPI,Member,4
2024-12-25,C0486,S007,Sports Arena,Sports,Yoga Mat,1,799,10,719.1,Cash,Member,4
2024-12-27,C0449,S004,Mobile Zone,Electronics,Smart Watch,1,2999,5,2849.05,UPI,Member,5
2024-12-27,C0441,S006,Beauty Corner,Beauty,Face Wash,1,399,5,379.05,Card,Member,4
2024-12-28,C0123,S005,Home Needs,Home & Lifestyle,Cushion,2,499,0,998.0,Card,Non-Member,4
2024-12-28,C0325,S004,Mobile Zone,Electronics,Power Bank,2,999,0,1998.0,Cash,Non-Member,5
2024-12-28,C0355,S001,Fashion Hub,Fashion,Sneakers,1,1999,0,1999.0,Card,Non-Member,5
2024-12-28,C0382,S005,Home Needs,Home & Lifestyle,Bedsheet,2,1299,15,2208.3,UPI,Member,5
2024-12-29,C0443,S004,Mobile Zone,Electronics,Bluetooth Speaker,1,1799,0,1799.0,Cash,Non-Member,4
2024-12-29,C0119,S003,Tech World,Electronics,Smart Watch,2,2999,20,4798.4,Card,Non-Member,3
2024-12-30,C0491,S003,Tech World,Electronics,Headphones,3,1499,5,4272.15,Card,Member,4
2024-12-30,C0154,S004,Mobile Zone,Electronics,Smart Watch,2,2999,20,4798.4,Card,Member,4
2024-12-30,C0103,S004,Mobile Zone,Electronics,Power Bank,3,999,20,2397.6,Cash,Member,5
2024-12-30,C0265,S008,Book House,Books,Notebook,1,199,0,199.0,Cash,Member,3
2024-12-31,C0014,S001,Fashion Hub,Fashion,Sneakers,3,1999,5,5697.15,Cash,Non-Member,5
2024-12-31,C0009,S008,Book House,Books,Notebook,2,199,15,338.3,Cash,Member,4
2025-01-02,C0429,S001,Fashion Hub,Fashion,Shirt,3,999,0,2997.0,Card,Member,4
2025-01-03,C0349,S006,Beauty Corner,Beauty,Shampoo,3,499,10,1347.3,UPI,Member,4
2025-01-05,C0265,S008,Book House,Books,Business Book,1,699,10,629.1,Cash,Non-Member,5
2025-01-05,C0103,S007,Sports Arena,Sports,Skipping Rope,1,299,10,269.1,Card,Member,3
2025-01-05,C0048,S007,Sports Arena,Sports,Sports Shoes,1,2499,0,2499.0,Cash,Non-Member,5
2025-01-07,C0293,S001,Fashion Hub,Fashion,Jeans,2,1499,0,2998.0,Card,Member,4
2025-01-07,C0233,S005,Home Needs,Home & Lifestyle,Cushion,2,499,0,998.0,Cash,Non-Member,4
2025-01-09,C0451,S003,Tech World,Electronics,Headphones,2,1499,20,2398.4,Card,Non-Member,4
2025-01-09,C0291,S007,Sports Arena,Sports,Yoga Mat,2,799,15,1358.3,Cash,Non-Member,4
2025-01-09,C0008,S008,Book House,Books,Notebook,1,199,10,179.1,Card,Member,3
2025-01-09,C0376,S008,Book House,Books,Notebook,1,199,10,179.1,Cash,Member,5
2025-01-09,C0059,S002,Style Point,Fashion,Jacket,1,2499,0,2499.0,Cash,Member,4
2025-01-10,C0141,S003,Tech World,Electronics,Bluetooth Speaker,2,1799,0,3598.0,UPI,Non-Member,4
2025-01-10,C0392,S002,Style Point,Fashion,Jacket,1,2499,5,2374.05,Card,Non-Member,5
2025-01-10,C0212,S003,Tech World,Electronics,Smart Watch,2,2999,0,5998.0,Cash,Non-Member,4
2025-01-11,C0384,S005,Home Needs,Home & Lifestyle,Cushion,2,499,5,948.1,Card,Non-Member,4
2025-01-11,C0146,S004,Mobile Zone,Electronics,Smart Watch,2,2999,5,5698.1,UPI,Non-Member,4
2025-01-11,C0041,S008,Book House,Books,Children Book,1,299,5,284.05,Card,Non-Member,4
2025-01-11,C0461,S001,Fashion Hub,Fashion,Jeans,2,1499,15,2548.3,Card,Member,4
2025-01-11,C0143,S008,Book House,Books,Magazine,1,149,0,149.0,Card,Member,5
2025-01-12,C0076,S005,Home Needs,Home & Lifestyle,Storage Box,1,699,20,559.2,UPI,Non-Member,3
2025-01-13,C0107,S004,Mobile Zone,Electronics,Power Bank,2,999,0,1998.0,UPI,Member,5
2025-01-13,C0073,S005,Home Needs,Home & Lifestyle,Lamp,2,899,10,1618.2,Cash,Non-Member,4
2025-01-14,C0323,S006,Beauty Corner,Beauty,Perfume,2,999,10,1798.2,Cash,Member,4
2025-01-14,C0282,S007,Sports Arena,Sports,Skipping Rope,2,299,5,568.1,Card,Member,4
2025-01-14,C0395,S003,Tech World,Electronics,Keyboard,1,1299,0,1299.0,Cash,Member,5
2025-01-14,C0495,S001,Fashion Hub,Fashion,Sneakers,3,1999,5,5697.15,Cash,Non-Member,5
2025-01-15,C0460,S008,Book House,Books,Business Book,3,699,0,2097.0,UPI,Non-Member,4
2025-01-15,C0058,S008,Book House,Books,Notebook,1,199,20,159.2,Cash,Non-Member,5
2025-01-15,C0111,S005,Home Needs,Home & Lifestyle,Storage Box,1,699,20,559.2,Card,Non-Member,3
2025-01-16,C0233,S005,Home Needs,Home & Lifestyle,Lamp,3,899,0,2697.0,UPI,Non-Member,5
2025-01-17,C0209,S007,Sports Arena,Sports,Sports Shoes,2,2499,0,4998.0,Cash,Non-Member,5
2025-01-17,C0068,S007,Sports Arena,Sports,Football,2,899,10,1618.2,Card,Non-Member,5
2025-01-17,C0442,S002,Style Point,Fashion,Sneakers,2,1999,0,3998.0,Card,Member,4
2025-01-17,C0019,S002,Style Point,Fashion,Shirt,1,999,10,899.1,Cash,Non-Member,4
2025-01-18,C0179,S008,Book House,Books,Magazine,2,149,10,268.2,Card,Member,4
2025-01-18,C0300,S002,Style Point,Fashion,Jeans,2,1499,10,2698.2,Cash,Member,5
2025-01-19,C0060,S003,Tech World,Electronics,Bluetooth Speaker,3,1799,15,4587.45,Cash,Non-Member,3
2025-01-19,C0403,S002,Style Point,Fashion,Jacket,3,2499,15,6372.45,Card,Non-Member,5
2025-01-20,C0192,S002,Style Point,Fashion,Jacket,3,2499,20,5997.6,UPI,Member,4
2025-01-20,C0015,S003,Tech World,Electronics,Smart Watch,1,2999,5,2849.05,Cash,Member,5
2025-01-20,C0249,S004,Mobile Zone,Electronics,Smart Watch,2,2999,0,5998.0,Cash,Non-Member,4
2025-01-21,C0246,S005,Home Needs,Home & Lifestyle,Bedsheet,1,1299,5,1234.05,UPI,Non-Member,4
2025-01-22,C0241,S005,Home Needs,Home & Lifestyle,Storage Box,1,699,0,699.0,Card,Non-Member,4
2025-01-22,C0013,S005,Home Needs,Home & Lifestyle,Cushion,2,499,20,798.4,UPI,Member,4
2025-01-23,C0210,S003,Tech World,Electronics,Bluetooth Speaker,2,1799,0,3598.0,Cash,Member,3
2025-01-23,C0105,S001,Fashion Hub,Fashion,T-Shirt,1,799,15,679.15,Cash,Member,3
2025-01-23,C0459,S002,Style Point,Fashion,Jeans,3,1499,0,4497.0,UPI,Non-Member,5
2025-01-24,C0488,S005,Home Needs,Home & Lifestyle,Lamp,2,899,5,1708.1,UPI,Non-Member,5
2025-01-24,C0434,S005,Home Needs,Home & Lifestyle,Storage Box,3,699,0,2097.0,Card,Member,3
2025-01-25,C0335,S005,Home Needs,Home & Lifestyle,Lamp,1,899,15,764.15,Cash,Non-Member,3
2025-01-25,C0383,S006,Beauty Corner,Beauty,Shampoo,1,499,15,424.15,Cash,Non-Member,5
2025-01-27,C0204,S001,Fashion Hub,Fashion,Sneakers,2,1999,5,3798.1,Card,Non-Member,5
2025-01-27,C0489,S003,Tech World,Electronics,Power Bank,1,999,0,999.0,Card,Non-Member,5
2025-01-28,C0075,S003,Tech World,Electronics,Bluetooth Speaker,1,1799,15,1529.15,Card,Non-Member,3
2025-01-28,C0321,S001,Fashion Hub,Fashion,Jacket,1,2499,0,2499.0,Card,Member,3
2025-01-28,C0010,S001,Fashion Hub,Fashion,Sneakers,2,1999,0,3998.0,Card,Member,4
2025-01-29,C0326,S008,Book House,Books,Novel,2,399,0,798.0,UPI,Member,4
2025-01-30,C0045,S003,Tech World,Electronics,Smart Watch,1,2999,20,2399.2,UPI,Non-Member,4
2025-01-30,C0219,S003,Tech World,Electronics,Keyboard,1,1299,20,1039.2,UPI,Member,4
2025-01-31,C0113,S005,Home Needs,Home & Lifestyle,Cushion,2,499,0,998.0,UPI,Non-Member,3
2025-01-31,C0489,S006,Beauty Corner,Beauty,Shampoo,2,499,10,898.2,Cash,Member,5
2025-01-31,C0296,S006,Beauty Corner,Beauty,Face Wash,2,399,20,638.4,Cash,Non-Member,4
2025-01-31,C0187,S006,Beauty Corner,Beauty,Lip Balm,1,249,20,199.2,Cash,Member,4
2025-02-01,C0108,S004,Mobile Zone,Electronics,Bluetooth Speaker,1,1799,5,1709.05,Card,Member,4
2025-02-02,C0281,S005,Home Needs,Home & Lifestyle,Bottle,2,399,10,718.2,Cash,Member,4
2025-02-02,C0003,S001,Fashion Hub,Fashion,Sneakers,1,1999,20,1599.2,UPI,Member,4
2025-02-04,C0279,S006,Beauty Corner,Beauty,Face Wash,1,399,0,399.0,UPI,Member,3
2025-02-04,C0128,S006,Beauty Corner,Beauty,Moisturizer,2,599,5,1138.1,UPI,Non-Member,4
2025-02-04,C0296,S004,Mobile Zone,Electronics,Keyboard,2,1299,5,2468.1,UPI,Member,3
2025-02-04,C0400,S001,Fashion Hub,Fashion,Jacket,3,2499,15,6372.45,Cash,Member,4
2025-02-04,C0076,S006,Beauty Corner,Beauty,Face Wash,1,399,20,319.2,UPI,Non-Member,5
2025-02-05,C0462,S005,Home Needs,Home & Lifestyle,Cushion,1,499,20,399.2,Cash,Non-Member,3
2025-02-07,C0117,S005,Home Needs,Home & Lifestyle,Lamp,1,899,10,809.1,Card,Member,4
2025-02-07,C0153,S008,Book House,Books,Novel,3,399,5,1137.15,Card,Member,4
2025-02-08,C0462,S005,Home Needs,Home & Lifestyle,Bedsheet,1,1299,15,1104.15,Cash,Non-Member,4
2025-02-08,C0246,S005,Home Needs,Home & Lifestyle,Storage Box,3,699,0,2097.0,Card,Member,5
2025-02-09,C0427,S004,Mobile Zone,Electronics,Smart Watch,3,2999,5,8547.15,Cash,Non-Member,4
2025-02-10,C0399,S004,Mobile Zone,Electronics,Keyboard,3,1299,0,3897.0,Cash,Member,3
2025-02-11,C0457,S003,Tech World,Electronics,Smart Watch,1,2999,0,2999.0,UPI,Non-Member,5
2025-02-12,C0007,S004,Mobile Zone,Electronics,Smart Watch,1,2999,10,2699.1,Card,Non-Member,5
2025-02-13,C0331,S008,Book House,Books,Children Book,3,299,15,762.45,UPI,Member,4
2025-02-13,C0474,S003,Tech World,Electronics,Keyboard,1,1299,0,1299.0,UPI,Member,4
2025-02-15,C0400,S005,Home Needs,Home & Lifestyle,Cushion,1,499,0,499.0,Card,Non-Member,4
2025-02-15,C0016,S005,Home Needs,Home & Lifestyle,Bottle,1,399,15,339.15,Card,Member,4
2025-02-15,C0152,S003,Tech World,Electronics,Power Bank,3,999,20,2397.6,Cash,Member,3
2025-02-15,C0432,S006,Beauty Corner,Beauty,Face Wash,2,399,20,638.4,Card,Member,5
2025-02-15,C0205,S005,Home Needs,Home & Lifestyle,Lamp,2,899,0,1798.0,Cash,Non-Member,4
2025-02-15,C0424,S001,Fashion Hub,Fashion,Jacket,1,2499,15,2124.15,UPI,Member,4
2025-02-16,C0165,S007,Sports Arena,Sports,Cricket Bat,1,1999,5,1899.05,Cash,Non-Member,4
2025-02-16,C0376,S002,Style Point,Fashion,Sneakers,1,1999,15,1699.15,UPI,Member,5
2025-02-17,C0045,S002,Style Point,Fashion,Sneakers,2,1999,5,3798.1,Card,Non-Member,5
2025-02-18,C0245,S007,Sports Arena,Sports,Skipping Rope,1,299,15,254.15,Cash,Non-Member,5
2025-02-18,C0353,S002,Style Point,Fashion,Jacket,1,2499,0,2499.0,UPI,Member,5
2025-02-19,C0282,S003,Tech World,Electronics,Bluetooth Speaker,2,1799,5,3418.1,UPI,Non-Member,4
2025-02-19,C0221,S003,Tech World,Electronics,Power Bank,1,999,0,999.0,UPI,Member,5
2025-02-20,C0031,S005,Home Needs,Home & Lifestyle,Bottle,1,399,15,339.15,Cash,Non-Member,4
2025-02-20,C0166,S002,Style Point,Fashion,Shirt,3,999,0,2997.0,UPI,Non-Member,4
2025-02-20,C0416,S003,Tech World,Electronics,Headphones,3,1499,5,4272.15,UPI,Member,4
2025-02-22,C0178,S003,Tech World,Electronics,Keyboard,1,1299,0,1299.0,Card,Non-Member,3
2025-02-23,C0152,S006,Beauty Corner,Beauty,Shampoo,1,499,0,499.0,Cash,Non-Member,5
2025-02-23,C0061,S002,Style Point,Fashion,T-Shirt,1,799,10,719.1,UPI,Member,4
2025-02-23,C0182,S006,Beauty Corner,Beauty,Perfume,1,999,20,799.2,Cash,Member,3
2025-02-23,C0239,S004,Mobile Zone,Electronics,Keyboard,3,1299,5,3702.15,UPI,Member,5
2025-02-24,C0017,S007,Sports Arena,Sports,Yoga Mat,1,799,10,719.1,Cash,Non-Member,5
2025-02-24,C0213,S001,Fashion Hub,Fashion,T-Shirt,2,799,20,1278.4,Card,Non-Member,5
2025-02-25,C0231,S005,Home Needs,Home & Lifestyle,Bedsheet,2,1299,10,2338.2,Card,Member,5
2025-02-25,C0328,S008,Book House,Books,Magazine,1,149,5,141.55,Card,Non-Member,5
2025-02-26,C0026,S005,Home Needs,Home & Lifestyle,Cushion,3,499,20,1197.6,Cash,Non-Member,5
2025-02-28,C0161,S005,Home Needs,Home & Lifestyle,Bedsheet,1,1299,15,1104.15,Card,Member,4
2025-03-01,C0259,S003,Tech World,Electronics,Headphones,2,1499,5,2848.1,Cash,Member,4
2025-03-01,C0468,S002,Style Point,Fashion,Jeans,2,1499,15,2548.3,Card,Non-Member,5
2025-03-01,C0465,S001,Fashion Hub,Fashion,Sneakers,1,1999,15,1699.15,Cash,Non-Member,5
2025-03-01,C0046,S008,Book House,Books,Children Book,2,299,10,538.2,Cash,Non-Member,5
2025-03-03,C0185,S003,Tech World,Electronics,Power Bank,1,999,0,999.0,Card,Non-Member,4
2025-03-03,C0106,S008,Book House,Books,Novel,1,399,5,379.05,UPI,Member,4
2025-03-04,C0434,S006,Beauty Corner,Beauty,Lip Balm,2,249,0,498.0,Cash,Non-Member,4
2025-03-04,C0235,S001,Fashion Hub,Fashion,T-Shirt,2,799,0,1598.0,UPI,Non-Member,5
2025-03-07,C0500,S006,Beauty Corner,Beauty,Lip Balm,1,249,5,236.55,UPI,Member,3
2025-03-08,C0496,S003,Tech World,Electronics,Bluetooth Speaker,2,1799,5,3418.1,Cash,Non-Member,5
2025-03-08,C0265,S008,Book House,Books,Children Book,2,299,5,568.1,Card,Member,5
2025-03-09,C0409,S004,Mobile Zone,Electronics,Smart Watch,1,2999,10,2699.1,UPI,Member,4
2025-03-10,C0447,S002,Style Point,Fashion,Jeans,3,1499,5,4272.15,Card,Non-Member,3
2025-03-10,C0172,S003,Tech World,Electronics,Keyboard,2,1299,20,2078.4,Card,Member,3
2025-03-11,C0328,S006,Beauty Corner,Beauty,Face Wash,3,399,20,957.6,Card,Non-Member,3
2025-03-12,C0269,S007,Sports Arena,Sports,Football,1,899,0,899.0,UPI,Member,5
2025-03-13,C0170,S008,Book House,Books,Business Book,2,699,15,1188.3,Cash,Member,5
2025-03-14,C0144,S006,Beauty Corner,Beauty,Face Wash,2,399,10,718.2,Card,Non-Member,4
2025-03-14,C0220,S007,Sports Arena,Sports,Yoga Mat,1,799,10,719.1,Cash,Member,4
2025-03-14,C0331,S007,Sports Arena,Sports,Skipping Rope,2,299,15,508.3,UPI,Non-Member,4
2025-03-15,C0056,S007,Sports Arena,Sports,Football,1,899,15,764.15,Cash,Member,4
2025-03-15,C0228,S006,Beauty Corner,Beauty,Lip Balm,1,249,5,236.55,UPI,Member,5
2025-03-16,C0341,S003,Tech World,Electronics,Smart Watch,3,2999,5,8547.15,UPI,Member,4
2025-03-16,C0141,S003,Tech World,Electronics,Keyboard,2,1299,10,2338.2,Cash,Member,4
2025-03-17,C0218,S005,Home Needs,Home & Lifestyle,Bedsheet,2,1299,15,2208.3,Card,Member,5
2025-03-17,C0052,S008,Book House,Books,Novel,2,399,0,798.0,Card,Member,4
2025-03-17,C0396,S007,Sports Arena,Sports,Yoga Mat,1,799,10,719.1,UPI,Non-Member,5
2025-03-18,C0089,S006,Beauty Corner,Beauty,Perfume,2,999,15,1698.3,UPI,Non-Member,4
2025-03-18,C0325,S001,Fashion Hub,Fashion,T-Shirt,1,799,20,639.2,UPI,Member,5
2025-03-18,C0255,S008,Book House,Books,Novel,1,399,5,379.05,UPI,Non-Member,5
2025-03-19,C0327,S007,Sports Arena,Sports,Sports Shoes,2,2499,20,3998.4,UPI,Member,4
2025-03-19,C0033,S001,Fashion Hub,Fashion,Shirt,1,999,15,849.15,Card,Member,4
2025-03-19,C0301,S007,Sports Arena,Sports,Yoga Mat,1,799,20,639.2,Cash,Member,4
2025-03-19,C0215,S008,Book House,Books,Business Book,1,699,10,629.1,Cash,Member,5
2025-03-19,C0113,S004,Mobile Zone,Electronics,Bluetooth Speaker,1,1799,0,1799.0,UPI,Member,5
2025-03-20,C0364,S005,Home Needs,Home & Lifestyle,Bedsheet,2,1299,20,2078.4,Card,Member,4
2025-03-20,C0298,S002,Style Point,Fashion,Sneakers,1,1999,0,1999.0,Card,Member,5
2025-03-20,C0476,S002,Style Point,Fashion,Jeans,1,1499,0,1499.0,Cash,Non-Member,3
2025-03-21,C0108,S002,Style Point,Fashion,T-Shirt,1,799,0,799.0,Cash,Non-Member,4
2025-03-21,C0232,S002,Style Point,Fashion,T-Shirt,1,799,0,799.0,Cash,Non-Member,3
2025-03-22,C0474,S002,Style Point,Fashion,Sneakers,1,1999,10,1799.1,UPI,Member,4
2025-03-22,C0416,S007,Sports Arena,Sports,Skipping Rope,1,299,20,239.2,UPI,Non-Member,4
2025-03-22,C0390,S004,Mobile Zone,Electronics,Smart Watch,2,2999,10,5398.2,UPI,Member,5
2025-03-23,C0016,S001,Fashion Hub,Fashion,T-Shirt,2,799,15,1358.3,Cash,Member,5
2025-03-24,C0192,S002,Style Point,Fashion,Jeans,1,1499,10,1349.1,Card,Non-Member,4
2025-03-25,C0481,S004,Mobile Zone,Electronics,Headphones,1,1499,15,1274.15,Card,Member,3
2025-03-25,C0074,S002,Style Point,Fashion,Jacket,2,2499,0,4998.0,Cash,Non-Member,4
2025-03-26,C0045,S007,Sports Arena,Sports,Sports Shoes,1,2499,15,2124.15,Cash,Non-Member,5
2025-03-27,C0206,S007,Sports Arena,Sports,Cricket Bat,3,1999,15,5097.45,Card,Non-Member,4
2025-03-27,C0428,S005,Home Needs,Home & Lifestyle,Cushion,1,499,0,499.0,Cash,Non-Member,4
2025-03-27,C0428,S003,Tech World,Electronics,Power Bank,2,999,5,1898.1,Cash,Non-Member,5
2025-03-29,C0291,S001,Fashion Hub,Fashion,Shirt,2,999,20,1598.4,Card,Member,4
2025-03-29,C0155,S001,Fashion Hub,Fashion,Jacket,1,2499,10,2249.1,UPI,Non-Member,5
2025-03-29,C0412,S003,Tech World,Electronics,Bluetooth Speaker,1,1799,0,1799.0,UPI,Member,4
2025-03-30,C0236,S006,Beauty Corner,Beauty,Face Wash,1,399,5,379.05,Cash,Member,4
2025-03-30,C0394,S004,Mobile Zone,Electronics,Headphones,1,1499,10,1349.1,Cash,Member,4
2025-03-31,C0315,S005,Home Needs,Home & Lifestyle,Storage Box,3,699,0,2097.0,UPI,Non-Member,4
2025-04-01,C0408,S001,Fashion Hub,Fashion,Jacket,1,2499,15,2124.15,Cash,Member,4
2025-04-01,C0366,S005,Home Needs,Home & Lifestyle,Cushion,1,499,5,474.05,UPI,Member,5
2025-04-02,C0406,S007,Sports Arena,Sports,Football,1,899,20,719.2,Cash,Member,4
2025-04-02,C0318,S003,Tech World,Electronics,Keyboard,3,1299,10,3507.3,UPI,Member,3
2025-04-03,C0058,S003,Tech World,Electronics,Headphones,3,1499,5,4272.15,Cash,Non-Member,4
2025-04-03,C0487,S006,Beauty Corner,Beauty,Moisturizer,1,599,0,599.0,Card,Member,4
2025-04-04,C0440,S003,Tech World,Electronics,Bluetooth Speaker,2,1799,0,3598.0,UPI,Member,4
2025-04-04,C0401,S005,Home Needs,Home & Lifestyle,Storage Box,3,699,10,1887.3,Cash,Member,4
2025-04-04,C0320,S003,Tech World,Electronics,Smart Watch,2,2999,5,5698.1,UPI,Non-Member,4
2025-04-05,C0181,S003,Tech World,Electronics,Bluetooth Speaker,1,1799,5,1709.05,Cash,Member,4
2025-04-05,C0196,S002,Style Point,Fashion,T-Shirt,1,799,20,639.2,Cash,Non-Member,3
2025-04-05,C0220,S001,Fashion Hub,Fashion,T-Shirt,2,799,10,1438.2,UPI,Member,5
2025-04-06,C0072,S005,Home Needs,Home & Lifestyle,Lamp,1,899,0,899.0,Card,Non-Member,4
2025-04-07,C0434,S001,Fashion Hub,Fashion,T-Shirt,1,799,0,799.0,Cash,Member,4
2025-04-08,C0144,S001,Fashion Hub,Fashion,T-Shirt,1,799,0,799.0,Card,Non-Member,5
2025-04-08,C0349,S001,Fashion Hub,Fashion,Jacket,1,2499,20,1999.2,Cash,Non-Member,4
2025-04-08,C0275,S008,Book House,Books,Children Book,2,299,5,568.1,UPI,Member,4
2025-04-08,C0295,S008,Book House,Books,Children Book,1,299,0,299.0,Card,Non-Member,4
2025-04-09,C0208,S006,Beauty Corner,Beauty,Face Wash,1,399,10,359.1,Cash,Non-Member,4
2025-04-09,C0239,S003,Tech World,Electronics,Keyboard,2,1299,0,2598.0,Cash,Member,3
2025-04-10,C0089,S001,Fashion Hub,Fashion,Sneakers,3,1999,20,4797.6,Cash,Member,4
2025-04-10,C0080,S004,Mobile Zone,Electronics,Smart Watch,1,2999,10,2699.1,UPI,Non-Member,5
2025-04-11,C0285,S004,Mobile Zone,Electronics,Headphones,1,1499,5,1424.05,UPI,Member,4
2025-04-11,C0087,S003,Tech World,Electronics,Power Bank,1,999,10,899.1,UPI,Non-Member,5
2025-04-12,C0454,S007,Sports Arena,Sports,Cricket Bat,1,1999,10,1799.1,Card,Member,4
2025-04-12,C0179,S003,Tech World,Electronics,Keyboard,1,1299,10,1169.1,UPI,Member,5
2025-04-12,C0354,S003,Tech World,Electronics,Keyboard,1,1299,15,1104.15,Card,Non-Member,4
2025-04-12,C0201,S001,Fashion Hub,Fashion,Sneakers,2,1999,20,3198.4,UPI,Non-Member,4
2025-04-12,C0415,S001,Fashion Hub,Fashion,Shirt,2,999,15,1698.3,UPI,Non-Member,5
2025-04-12,C0220,S003,Tech World,Electronics,Bluetooth Speaker,2,1799,20,2878.4,Cash,Non-Member,5
2025-04-13,C0212,S003,Tech World,Electronics,Keyboard,2,1299,10,2338.2,UPI,Non-Member,4
2025-04-14,C0350,S007,Sports Arena,Sports,Football,1,899,0,899.0,Card,Member,5
2025-04-14,C0298,S003,Tech World,Electronics,Headphones,1,1499,5,1424.05,Card,Non-Member,3
2025-04-15,C0452,S006,Beauty Corner,Beauty,Face Wash,1,399,10,359.1,Cash,Non-Member,5
2025-04-15,C0034,S005,Home Needs,Home & Lifestyle,Bedsheet,3,1299,15,3312.45,UPI,Member,5
2025-04-16,C0074,S008,Book House,Books,Novel,2,399,10,718.2,UPI,Member,5
2025-04-17,C0010,S004,Mobile Zone,Electronics,Power Bank,1,999,0,999.0,UPI,Non-Member,5
2025-04-17,C0252,S006,Beauty Corner,Beauty,Shampoo,1,499,10,449.1,Card,Member,3
2025-04-17,C0434,S001,Fashion Hub,Fashion,Jeans,1,1499,5,1424.05,Cash,Member,5
2025-04-17,C0447,S003,Tech World,Electronics,Keyboard,1,1299,5,1234.05,UPI,Non-Member,4
2025-04-17,C0481,S008,Book House,Books,Notebook,2,199,0,398.0,Card,Member,5
2025-04-18,C0031,S006,Beauty Corner,Beauty,Moisturizer,1,599,15,509.15,Cash,Member,5
2025-04-19,C0324,S008,Book House,Books,Children Book,3,299,0,897.0,Card,Member,4
2025-04-19,C0143,S003,Tech World,Electronics,Power Bank,1,999,0,999.0,Cash,Member,4
2025-04-19,C0059,S002,Style Point,Fashion,Sneakers,2,1999,0,3998.0,Cash,Non-Member,4
2025-04-19,C0423,S004,Mobile Zone,Electronics,Power Bank,3,999,5,2847.15,Cash,Member,5
2025-04-20,C0063,S001,Fashion Hub,Fashion,Jacket,3,2499,20,5997.6,UPI,Non-Member,3
2025-04-20,C0462,S001,Fashion Hub,Fashion,Sneakers,1,1999,10,1799.1,UPI,Non-Member,5
2025-04-20,C0251,S007,Sports Arena,Sports,Sports Shoes,1,2499,5,2374.05,Cash,Member,3
2025-04-20,C0005,S006,Beauty Corner,Beauty,Moisturizer,3,599,5,1707.15,UPI,Non-Member,4
2025-04-21,C0331,S003,Tech World,Electronics,Bluetooth Speaker,1,1799,0,1799.0,Card,Member,4
2025-04-22,C0369,S007,Sports Arena,Sports,Cricket Bat,2,1999,20,3198.4,Cash,Member,3
2025-04-22,C0125,S008,Book House,Books,Magazine,1,149,0,149.0,UPI,Non-Member,4
2025-04-23,C0053,S004,Mobile Zone,Electronics,Headphones,2,1499,0,2998.0,Cash,Non-Member,4
2025-04-24,C0288,S007,Sports Arena,Sports,Yoga Mat,3,799,20,1917.6,Card,Non-Member,5
2025-04-26,C0392,S006,Beauty Corner,Beauty,Face Wash,2,399,15,678.3,UPI,Non-Member,4
2025-04-27,C0187,S006,Beauty Corner,Beauty,Perfume,1,999,0,999.0,Card,Non-Member,5
2025-04-27,C0397,S005,Home Needs,Home & Lifestyle,Bedsheet,1,1299,10,1169.1,Cash,Non-Member,4
2025-04-27,C0262,S007,Sports Arena,Sports,Yoga Mat,3,799,0,2397.0,Cash,Non-Member,5
2025-04-28,C0461,S006,Beauty Corner,Beauty,Lip Balm,1,249,15,211.65,Cash,Non-Member,4
2025-04-29,C0140,S002,Style Point,Fashion,Jeans,1,1499,15,1274.15,Card,Non-Member,3
2025-04-29,C0211,S006,Beauty Corner,Beauty,Shampoo,2,499,0,998.0,UPI,Member,4
2025-04-30,C0191,S004,Mobile Zone,Electronics,Keyboard,1,1299,15,1104.15,Card,Non-Member,4
2025-05-01,C0211,S008,Book House,Books,Novel,1,399,15,339.15,Card,Member,5
2025-05-04,C0403,S003,Tech World,Electronics,Power Bank,1,999,0,999.0,Cash,Member,4
2025-05-05,C0283,S007,Sports Arena,Sports,Skipping Rope,1,299,10,269.1,Card,Member,4
2025-05-05,C0341,S001,Fashion Hub,Fashion,T-Shirt,1,799,5,759.05,UPI,Member,3
2025-05-05,C0273,S004,Mobile Zone,Electronics,Bluetooth Speaker,2,1799,20,2878.4,UPI,Non-Member,4
2025-05-05,C0255,S005,Home Needs,Home & Lifestyle,Bottle,3,399,0,1197.0,UPI,Non-Member,5
2025-05-06,C0396,S003,Tech World,Electronics,Keyboard,2,1299,0,2598.0,Card,Member,3
2025-05-06,C0376,S004,Mobile Zone,Electronics,Bluetooth Speaker,1,1799,0,1799.0,Card,Member,5
2025-05-07,C0192,S006,Beauty Corner,Beauty,Shampoo,3,499,15,1272.45,Cash,Non-Member,3
2025-05-07,C0338,S005,Home Needs,Home & Lifestyle,Storage Box,1,699,10,629.1,UPI,Member,5
2025-05-07,C0157,S001,Fashion Hub,Fashion,Jeans,1,1499,20,1199.2,Cash,Member,3
2025-05-08,C0132,S003,Tech World,Electronics,Keyboard,1,1299,15,1104.15,Card,Member,5
2025-05-08,C0004,S007,Sports Arena,Sports,Football,3,899,20,2157.6,Card,Non-Member,5
2025-05-08,C0305,S006,Beauty Corner,Beauty,Shampoo,1,499,10,449.1,Card,Member,5
2025-05-08,C0050,S008,Book House,Books,Children Book,1,299,5,284.05,UPI,Member,5
2025-05-09,C0436,S007,Sports Arena,Sports,Football,3,899,20,2157.6,Cash,Member,4
2025-05-11,C0316,S007,Sports Arena,Sports,Cricket Bat,1,1999,5,1899.05,Card,Non-Member,3
2025-05-11,C0328,S002,Style Point,Fashion,Shirt,1,999,5,949.05,Cash,Non-Member,5
2025-05-12,C0364,S007,Sports Arena,Sports,Yoga Mat,3,799,20,1917.6,Cash,Member,5
2025-05-13,C0028,S004,Mobile Zone,Electronics,Power Bank,2,999,5,1898.1,Cash,Member,4
2025-05-13,C0009,S004,Mobile Zone,Electronics,Headphones,2,1499,0,2998.0,Card,Non-Member,5
2025-05-14,C0093,S001,Fashion Hub,Fashion,Shirt,3,999,20,2397.6,UPI,Member,5
2025-05-14,C0145,S005,Home Needs,Home & Lifestyle,Bottle,2,399,0,798.0,Cash,Member,3
2025-05-15,C0063,S006,Beauty Corner,Beauty,Perfume,1,999,20,799.2,UPI,Member,3
2025-05-16,C0476,S006,Beauty Corner,Beauty,Perfume,1,999,0,999.0,UPI,Non-Member,5
2025-05-16,C0455,S001,Fashion Hub,Fashion,Sneakers,1,1999,0,1999.0,UPI,Member,5
2025-05-16,C0080,S001,Fashion Hub,Fashion,Sneakers,1,1999,20,1599.2,UPI,Non-Member,5
2025-05-17,C0401,S005,Home Needs,Home & Lifestyle,Lamp,2,899,0,1798.0,Cash,Member,4
2025-05-17,C0255,S005,Home Needs,Home & Lifestyle,Bottle,1,399,15,339.15,Card,Member,4
2025-05-19,C0202,S007,Sports Arena,Sports,Sports Shoes,2,2499,0,4998.0,UPI,Non-Member,5
2025-05-19,C0239,S006,Beauty Corner,Beauty,Face Wash,3,399,20,957.6,Cash,Non-Member,4
2025-05-20,C0334,S002,Style Point,Fashion,Jeans,3,1499,5,4272.15,UPI,Non-Member,3
2025-05-22,C0126,S001,Fashion Hub,Fashion,Jacket,1,2499,15,2124.15,Cash,Non-Member,3
2025-05-23,C0390,S006,Beauty Corner,Beauty,Shampoo,1,499,0,499.0,Cash,Member,3
2025-05-23,C0237,S003,Tech World,Electronics,Bluetooth Speaker,2,1799,15,3058.3,Cash,Non-Member,5
2025-05-24,C0473,S006,Beauty Corner,Beauty,Lip Balm,3,249,5,709.65,Cash,Member,5
2025-05-24,C0365,S008,Book House,Books,Novel,1,399,20,319.2,UPI,Member,4
2025-05-25,C0091,S005,Home Needs,Home & Lifestyle,Lamp,1,899,0,899.0,UPI,Non-Member,5
2025-05-25,C0276,S006,Beauty Corner,Beauty,Lip Balm,2,249,10,448.2,Cash,Member,5
2025-05-25,C0333,S004,Mobile Zone,Electronics,Bluetooth Speaker,2,1799,0,3598.0,Cash,Non-Member,5
2025-05-26,C0047,S001,Fashion Hub,Fashion,Sneakers,1,1999,0,1999.0,Cash,Non-Member,4
2025-05-26,C0172,S006,Beauty Corner,Beauty,Moisturizer,2,599,20,958.4,Cash,Non-Member,4
2025-05-28,C0350,S006,Beauty Corner,Beauty,Perfume,1,999,10,899.1,UPI,Member,4
2025-05-28,C0152,S004,Mobile Zone,Electronics,Power Bank,1,999,20,799.2,UPI,Member,3
2025-05-28,C0178,S002,Style Point,Fashion,Jacket,1,2499,0,2499.0,Cash,Non-Member,4
2025-05-29,C0208,S001,Fashion Hub,Fashion,Jacket,1,2499,0,2499.0,UPI,Member,5
2025-05-29,C0193,S005,Home Needs,Home & Lifestyle,Cushion,1,499,15,424.15,UPI,Member,3
2025-05-29,C0214,S004,Mobile Zone,Electronics,Smart Watch,2,2999,0,5998.0,Card,Non-Member,4
2025-05-30,C0474,S008,Book House,Books,Children Book,2,299,20,478.4,Card,Member,3
2025-05-31,C0145,S003,Tech World,Electronics,Bluetooth Speaker,2,1799,10,3238.2,UPI,Non-Member,5
2025-05-31,C0428,S001,Fashion Hub,Fashion,Jacket,1,2499,10,2249.1,Cash,Non-Member,5
2025-05-31,C0485,S001,Fashion Hub,Fashion,Jacket,2,2499,0,4998.0,Card,Member,5
2025-05-31,C0218,S008,Book House,Books,Magazine,1,149,5,141.55,Cash,Non-Member,5
2025-06-01,C0103,S001,Fashion Hub,Fashion,Sneakers,3,1999,10,5397.3,Card,Member,4
2025-06-01,C0014,S005,Home Needs,Home & Lifestyle,Storage Box,1,699,20,559.2,Card,Member,4
2025-06-02,C0258,S004,Mobile Zone,Electronics,Power Bank,1,999,15,849.15,UPI,Non-Member,4
2025-06-03,C0344,S008,Book House,Books,Children Book,2,299,10,538.2,Cash,Member,4
2025-06-03,C0013,S004,Mobile Zone,Electronics,Smart Watch,1,2999,5,2849.05,UPI,Member,4
2025-06-03,C0320,S005,Home Needs,Home & Lifestyle,Storage Box,3,699,20,1677.6,Card,Non-Member,4
2025-06-03,C0463,S008,Book House,Books,Notebook,2,199,10,358.2,Card,Non-Member,4
2025-06-04,C0344,S007,Sports Arena,Sports,Skipping Rope,1,299,0,299.0,UPI,Non-Member,4
2025-06-04,C0166,S006,Beauty Corner,Beauty,Lip Balm,2,249,10,448.2,UPI,Non-Member,5
2025-06-05,C0199,S008,Book House,Books,Novel,3,399,0,1197.0,Card,Non-Member,5
2025-06-05,C0029,S008,Book House,Books,Notebook,1,199,0,199.0,Card,Member,5
2025-06-05,C0271,S005,Home Needs,Home & Lifestyle,Bedsheet,1,1299,5,1234.05,UPI,Non-Member,4
2025-06-05,C0396,S005,Home Needs,Home & Lifestyle,Bottle,3,399,5,1137.15,Card,Non-Member,4
2025-06-06,C0176,S003,Tech World,Electronics,Smart Watch,1,2999,5,2849.05,UPI,Member,4
2025-06-07,C0180,S005,Home Needs,Home & Lifestyle,Bedsheet,3,1299,0,3897.0,Cash,Non-Member,5
2025-06-09,C0085,S002,Style Point,Fashion,Jacket,3,2499,5,7122.15,Cash,Non-Member,4
2025-06-09,C0009,S008,Book House,Books,Business Book,3,699,0,2097.0,Card,Member,3
2025-06-10,C0242,S004,Mobile Zone,Electronics,Bluetooth Speaker,3,1799,15,4587.45,Card,Member,5
2025-06-10,C0153,S002,Style Point,Fashion,Shirt,2,999,20,1598.4,Card,Non-Member,3
2025-06-12,C0171,S007,Sports Arena,Sports,Skipping Rope,1,299,0,299.0,UPI,Member,5
2025-06-12,C0444,S002,Style Point,Fashion,Jacket,1,2499,0,2499.0,UPI,Non-Member,4
2025-06-12,C0090,S006,Beauty Corner,Beauty,Perfume,2,999,20,1598.4,UPI,Member,5
2025-06-13,C0010,S007,Sports Arena,Sports,Football,1,899,20,719.2,Cash,Member,3
2025-06-13,C0401,S004,Mobile Zone,Electronics,Smart Watch,1,2999,15,2549.15,Card,Member,4
2025-06-13,C0040,S003,Tech World,Electronics,Smart Watch,3,2999,15,7647.45,UPI,Member,3
2025-06-14,C0120,S008,Book House,Books,Children Book,1,299,10,269.1,UPI,Non-Member,5
2025-06-14,C0412,S004,Mobile Zone,Electronics,Bluetooth Speaker,1,1799,0,1799.0,Cash,Non-Member,3
2025-06-14,C0410,S002,Style Point,Fashion,Jeans,1,1499,10,1349.1,Cash,Non-Member,4
2025-06-14,C0053,S001,Fashion Hub,Fashion,Jeans,2,1499,15,2548.3,UPI,Member,5
2025-06-14,C0265,S004,Mobile Zone,Electronics,Smart Watch,1,2999,20,2399.2,UPI,Non-Member,4
2025-06-14,C0159,S008,Book House,Books,Notebook,3,199,0,597.0,Card,Non-Member,3
2025-06-15,C0289,S005,Home Needs,Home & Lifestyle,Lamp,3,899,20,2157.6,UPI,Non-Member,4
2025-06-16,C0086,S006,Beauty Corner,Beauty,Perfume,2,999,0,1998.0,Cash,Non-Member,3
2025-06-16,C0340,S007,Sports Arena,Sports,Football,3,899,0,2697.0,Cash,Member,4
2025-06-16,C0090,S001,Fashion Hub,Fashion,Sneakers,2,1999,0,3998.0,UPI,Member,3
2025-06-16,C0415,S006,Beauty Corner,Beauty,Shampoo,1,499,0,499.0,UPI,Non-Member,3
2025-06-17,C0405,S002,Style Point,Fashion,Jacket,1,2499,15,2124.15,Card,Member,5
2025-06-17,C0167,S005,Home Needs,Home & Lifestyle,Storage Box,1,699,20,559.2,Cash,Non-Member,5
2025-06-18,C0391,S008,Book House,Books,Business Book,1,699,0,699.0,UPI,Member,4
2025-06-20,C0268,S002,Style Point,Fashion,Jacket,2,2499,10,4498.2,UPI,Member,4
2025-06-20,C0234,S003,Tech World,Electronics,Headphones,1,1499,5,1424.05,Cash,Member,5
2025-06-21,C0217,S005,Home Needs,Home & Lifestyle,Bottle,1,399,10,359.1,Card,Non-Member,5
2025-06-24,C0213,S005,Home Needs,Home & Lifestyle,Storage Box,1,699,0,699.0,Cash,Non-Member,4
2025-06-25,C0244,S008,Book House,Books,Business Book,1,699,0,699.0,Card,Non-Member,4
2025-06-25,C0135,S003,Tech World,Electronics,Smart Watch,1,2999,0,2999.0,Cash,Member,4
2025-06-26,C0156,S005,Home Needs,Home & Lifestyle,Bedsheet,1,1299,0,1299.0,UPI,Member,5
2025-06-27,C0234,S006,Beauty Corner,Beauty,Face Wash,2,399,0,798.0,Card,Member,4
2025-06-27,C0137,S005,Home Needs,Home & Lifestyle,Lamp,2,899,10,1618.2,Card,Member,3
2025-06-29,C0041,S006,Beauty Corner,Beauty,Face Wash,2,399,5,758.1,Cash,Member,4
2025-06-29,C0499,S004,Mobile Zone,Electronics,Headphones,3,1499,5,4272.15,UPI,Non-Member,3
2025-06-29,C0446,S004,Mobile Zone,Electronics,Headphones,2,1499,0,2998.0,Cash,Non-Member,5
2025-06-29,C0433,S001,Fashion Hub,Fashion,Jacket,1,2499,20,1999.2,Card,Non-Member,5
2025-06-29,C0096,S003,Tech World,Electronics,Power Bank,1,999,10,899.1,UPI,Member,4
2025-06-30,C0192,S005,Home Needs,Home & Lifestyle,Bedsheet,2,1299,5,2468.1,UPI,Non-Member,3
2025-06-30,C0082,S003,Tech World,Electronics,Headphones,3,1499,5,4272.15,UPI,Non-Member,4
2025-07-01,C0409,S005,Home Needs,Home & Lifestyle,Bottle,1,399,0,399.0,Card,Non-Member,4
2025-07-01,C0213,S004,Mobile Zone,Electronics,Headphones,2,1499,0,2998.0,Card,Non-Member,4
2025-07-02,C0137,S004,Mobile Zone,Electronics,Keyboard,1,1299,20,1039.2,Card,Non-Member,4
2025-07-02,C0119,S002,Style Point,Fashion,Sneakers,2,1999,20,3198.4,Cash,Non-Member,4
2025-07-03,C0150,S001,Fashion Hub,Fashion,Shirt,2,999,0,1998.0,Cash,Non-Member,4
2025-07-03,C0441,S006,Beauty Corner,Beauty,Perfume,2,999,15,1698.3,UPI,Member,5
2025-07-05,C0497,S003,Tech World,Electronics,Headphones,2,1499,15,2548.3,Card,Member,5
2025-07-05,C0121,S003,Tech World,Electronics,Keyboard,2,1299,15,2208.3,Cash,Non-Member,4
2025-07-08,C0404,S006,Beauty Corner,Beauty,Face Wash,3,399,0,1197.0,UPI,Non-Member,5
2025-07-08,C0425,S007,Sports Arena,Sports,Skipping Rope,1,299,0,299.0,UPI,Member,4
2025-07-09,C0156,S002,Style Point,Fashion,Jacket,2,2499,10,4498.2,Card,Member,3
2025-07-10,C0080,S007,Sports Arena,Sports,Cricket Bat,3,1999,0,5997.0,Cash,Non-Member,5
2025-07-10,C0386,S004,Mobile Zone,Electronics,Keyboard,2,1299,10,2338.2,Card,Member,4
2025-07-10,C0260,S005,Home Needs,Home & Lifestyle,Bottle,1,399,5,379.05,Card,Member,5
2025-07-10,C0345,S008,Book House,Books,Novel,2,399,5,758.1,UPI,Non-Member,4
2025-07-11,C0387,S006,Beauty Corner,Beauty,Lip Balm,1,249,10,224.1,Cash,Non-Member,4
2025-07-11,C0113,S001,Fashion Hub,Fashion,Jeans,3,1499,10,4047.3,Cash,Member,3
2025-07-11,C0341,S006,Beauty Corner,Beauty,Face Wash,1,399,15,339.15,Card,Non-Member,4
2025-07-12,C0099,S001,Fashion Hub,Fashion,Jacket,1,2499,5,2374.05,Card,Non-Member,5
2025-07-12,C0379,S001,Fashion Hub,Fashion,Jacket,2,2499,0,4998.0,UPI,Member,5
2025-07-12,C0359,S006,Beauty Corner,Beauty,Lip Balm,1,249,15,211.65,Cash,Non-Member,5
2025-07-12,C0261,S002,Style Point,Fashion,Jacket,1,2499,10,2249.1,UPI,Member,4
2025-07-12,C0167,S003,Tech World,Electronics,Bluetooth Speaker,1,1799,0,1799.0,UPI,Member,4
2025-07-13,C0086,S005,Home Needs,Home & Lifestyle,Cushion,1,499,5,474.05,UPI,Non-Member,4
2025-07-13,C0202,S002,Style Point,Fashion,Jacket,1,2499,0,2499.0,Card,Member,5
2025-07-13,C0184,S004,Mobile Zone,Electronics,Headphones,2,1499,5,2848.1,Cash,Non-Member,5
2025-07-14,C0201,S008,Book House,Books,Novel,3,399,10,1077.3,Card,Non-Member,4
2025-07-14,C0042,S005,Home Needs,Home & Lifestyle,Bedsheet,1,1299,10,1169.1,Card,Non-Member,5
2025-07-14,C0393,S006,Beauty Corner,Beauty,Perfume,1,999,20,799.2,Cash,Non-Member,4
2025-07-14,C0422,S008,Book House,Books,Magazine,2,149,10,268.2,Cash,Non-Member,4
2025-07-14,C0377,S003,Tech World,Electronics,Power Bank,1,999,5,949.05,UPI,Member,3
2025-07-14,C0076,S006,Beauty Corner,Beauty,Lip Balm,2,249,15,423.3,Cash,Member,3
2025-07-14,C0446,S001,Fashion Hub,Fashion,Shirt,1,999,5,949.05,Card,Member,5
2025-07-14,C0302,S006,Beauty Corner,Beauty,Perfume,1,999,5,949.05,Card,Non-Member,5
2025-07-15,C0398,S003,Tech World,Electronics,Bluetooth Speaker,1,1799,20,1439.2,Card,Non-Member,4
2025-07-16,C0245,S006,Beauty Corner,Beauty,Moisturizer,3,599,0,1797.0,Cash,Non-Member,4
2025-07-16,C0292,S005,Home Needs,Home & Lifestyle,Storage Box,3,699,0,2097.0,UPI,Member,4
2025-07-16,C0178,S008,Book House,Books,Magazine,1,149,15,126.65,Cash,Non-Member,4
2025-07-17,C0102,S003,Tech World,Electronics,Power Bank,1,999,0,999.0,Card,Non-Member,3
2025-07-17,C0260,S006,Beauty Corner,Beauty,Moisturizer,1,599,0,599.0,Cash,Non-Member,4
2025-07-17,C0342,S002,Style Point,Fashion,Jacket,1,2499,0,2499.0,Cash,Non-Member,5
2025-07-18,C0066,S003,Tech World,Electronics,Bluetooth Speaker,1,1799,20,1439.2,Card,Non-Member,4
2025-07-18,C0018,S002,Style Point,Fashion,Sneakers,2,1999,20,3198.4,Cash,Non-Member,5
2025-07-19,C0012,S004,Mobile Zone,Electronics,Smart Watch,1,2999,0,2999.0,UPI,Non-Member,5
2025-07-19,C0399,S008,Book House,Books,Notebook,2,199,20,318.4,UPI,Member,5
2025-07-19,C0058,S008,Book House,Books,Notebook,1,199,0,199.0,Cash,Non-Member,5
2025-07-19,C0240,S005,Home Needs,Home & Lifestyle,Storage Box,1,699,0,699.0,Card,Non-Member,3
2025-07-19,C0326,S001,Fashion Hub,Fashion,Sneakers,1,1999,10,1799.1,UPI,Member,4
2025-07-20,C0450,S002,Style Point,Fashion,Shirt,1,999,15,849.15,Card,Member,5
2025-07-21,C0126,S008,Book House,Books,Novel,1,399,15,339.15,Cash,Member,4
2025-07-21,C0078,S001,Fashion Hub,Fashion,Jeans,1,1499,0,1499.0,Card,Non-Member,3
2025-07-22,C0164,S006,Beauty Corner,Beauty,Shampoo,3,499,0,1497.0,UPI,Non-Member,5
2025-07-22,C0078,S004,Mobile Zone,Electronics,Keyboard,3,1299,5,3702.15,Card,Member,4
2025-07-22,C0039,S001,Fashion Hub,Fashion,Jacket,1,2499,15,2124.15,UPI,Member,4
2025-07-23,C0492,S004,Mobile Zone,Electronics,Power Bank,1,999,5,949.05,Cash,Member,4
2025-07-23,C0036,S003,Tech World,Electronics,Keyboard,3,1299,10,3507.3,UPI,Non-Member,4
2025-07-23,C0380,S003,Tech World,Electronics,Keyboard,3,1299,5,3702.15,Card,Member,4
2025-07-23,C0438,S002,Style Point,Fashion,Jacket,2,2499,0,4998.0,Card,Member,5
2025-07-24,C0138,S005,Home Needs,Home & Lifestyle,Bedsheet,3,1299,10,3507.3,Cash,Non-Member,4
2025-07-25,C0279,S008,Book House,Books,Novel,2,399,0,798.0,Cash,Non-Member,5
2025-07-25,C0048,S008,Book House,Books,Novel,1,399,0,399.0,UPI,Member,4
2025-07-25,C0335,S003,Tech World,Electronics,Smart Watch,1,2999,0,2999.0,Card,Member,5
2025-07-26,C0087,S003,Tech World,Electronics,Bluetooth Speaker,3,1799,20,4317.6,Card,Non-Member,4
2025-07-27,C0049,S007,Sports Arena,Sports,Cricket Bat,2,1999,15,3398.3,Cash,Member,3
2025-07-28,C0029,S008,Book House,Books,Magazine,2,149,20,238.4,Cash,Member,5
2025-07-28,C0294,S004,Mobile Zone,Electronics,Bluetooth Speaker,2,1799,0,3598.0,Card,Non-Member,4
2025-07-28,C0068,S008,Book House,Books,Children Book,3,299,15,762.45,Card,Non-Member,4
2025-07-29,C0325,S006,Beauty Corner,Beauty,Perfume,1,999,0,999.0,Card,Non-Member,4
2025-07-29,C0012,S007,Sports Arena,Sports,Cricket Bat,1,1999,20,1599.2,Card,Non-Member,5
2025-07-30,C0478,S006,Beauty Corner,Beauty,Face Wash,2,399,15,678.3,UPI,Member,5
2025-07-30,C0017,S004,Mobile Zone,Electronics,Headphones,2,1499,10,2698.2,Cash,Non-Member,4
2025-07-30,C0239,S005,Home Needs,Home & Lifestyle,Bedsheet,2,1299,0,2598.0,UPI,Non-Member,3
2025-07-31,C0170,S004,Mobile Zone,Electronics,Bluetooth Speaker,1,1799,5,1709.05,UPI,Non-Member,3
2025-08-01,C0030,S001,Fashion Hub,Fashion,Jeans,1,1499,20,1199.2,Card,Non-Member,5
2025-08-01,C0342,S004,Mobile Zone,Electronics,Keyboard,3,1299,10,3507.3,Card,Non-Member,4
2025-08-02,C0475,S008,Book House,Books,Novel,1,399,20,319.2,UPI,Member,4
2025-08-04,C0008,S001,Fashion Hub,Fashion,Jacket,1,2499,10,2249.1,UPI,Non-Member,5
2025-08-04,C0044,S007,Sports Arena,Sports,Cricket Bat,1,1999,15,1699.15,UPI,Member,4
2025-08-04,C0116,S007,Sports Arena,Sports,Yoga Mat,1,799,20,639.2,Cash,Member,3
2025-08-05,C0214,S001,Fashion Hub,Fashion,Jacket,1,2499,20,1999.2,Cash,Member,5
2025-08-06,C0456,S001,Fashion Hub,Fashion,Jacket,1,2499,10,2249.1,UPI,Member,5
2025-08-06,C0395,S006,Beauty Corner,Beauty,Moisturizer,2,599,0,1198.0,UPI,Member,5
2025-08-06,C0296,S008,Book House,Books,Children Book,2,299,10,538.2,Cash,Non-Member,4
2025-08-07,C0245,S001,Fashion Hub,Fashion,T-Shirt,1,799,15,679.15,UPI,Member,3
2025-08-08,C0307,S008,Book House,Books,Children Book,2,299,0,598.0,UPI,Member,3
2025-08-10,C0483,S008,Book House,Books,Business Book,1,699,0,699.0,Cash,Member,5
2025-08-11,C0116,S002,Style Point,Fashion,T-Shirt,1,799,0,799.0,Card,Non-Member,4
2025-08-11,C0298,S006,Beauty Corner,Beauty,Shampoo,2,499,15,848.3,UPI,Non-Member,4
2025-08-11,C0466,S002,Style Point,Fashion,Sneakers,2,1999,20,3198.4,Cash,Non-Member,5
2025-08-14,C0271,S004,Mobile Zone,Electronics,Headphones,2,1499,0,2998.0,UPI,Non-Member,5
2025-08-14,C0458,S002,Style Point,Fashion,Shirt,3,999,20,2397.6,UPI,Non-Member,4
2025-08-16,C0181,S004,Mobile Zone,Electronics,Bluetooth Speaker,1,1799,5,1709.05,Cash,Non-Member,4
2025-08-17,C0042,S008,Book House,Books,Notebook,2,199,10,358.2,UPI,Member,5
2025-08-17,C0058,S001,Fashion Hub,Fashion,Jeans,1,1499,20,1199.2,UPI,Member,5
2025-08-18,C0034,S007,Sports Arena,Sports,Sports Shoes,2,2499,20,3998.4,UPI,Non-Member,4
2025-08-18,C0458,S005,Home Needs,Home & Lifestyle,Bedsheet,2,1299,0,2598.0,Card,Member,5
2025-08-18,C0369,S003,Tech World,Electronics,Power Bank,3,999,20,2397.6,UPI,Non-Member,5
2025-08-19,C0423,S003,Tech World,Electronics,Headphones,1,1499,0,1499.0,Card,Non-Member,5
2025-08-19,C0100,S003,Tech World,Electronics,Smart Watch,1,2999,0,2999.0,Card,Non-Member,5
2025-08-20,C0446,S002,Style Point,Fashion,Sneakers,3,1999,15,5097.45,Card,Non-Member,4
2025-08-20,C0166,S007,Sports Arena,Sports,Sports Shoes,2,2499,5,4748.1,Cash,Non-Member,4
2025-08-20,C0133,S005,Home Needs,Home & Lifestyle,Storage Box,2,699,0,1398.0,Card,Non-Member,5
2025-08-20,C0322,S003,Tech World,Electronics,Headphones,3,1499,10,4047.3,Card,Member,4
2025-08-22,C0002,S002,Style Point,Fashion,Jeans,1,1499,0,1499.0,Card,Member,4
2025-08-22,C0336,S007,Sports Arena,Sports,Sports Shoes,1,2499,5,2374.05,UPI,Member,4
2025-08-23,C0381,S006,Beauty Corner,Beauty,Moisturizer,1,599,15,509.15,Card,Non-Member,3
2025-08-23,C0490,S002,Style Point,Fashion,Jeans,1,1499,20,1199.2,UPI,Non-Member,4
2025-08-23,C0476,S008,Book House,Books,Notebook,1,199,0,199.0,UPI,Member,5
2025-08-24,C0103,S004,Mobile Zone,Electronics,Bluetooth Speaker,1,1799,15,1529.15,Card,Member,3
2025-08-24,C0400,S007,Sports Arena,Sports,Sports Shoes,1,2499,0,2499.0,UPI,Member,4
2025-08-26,C0138,S003,Tech World,Electronics,Power Bank,2,999,10,1798.2,Card,Member,3
2025-08-26,C0369,S008,Book House,Books,Business Book,2,699,0,1398.0,Cash,Non-Member,5
2025-08-26,C0270,S007,Sports Arena,Sports,Skipping Rope,3,299,10,807.3,Cash,Member,3
2025-08-26,C0070,S008,Book House,Books,Novel,2,399,15,678.3,Cash,Non-Member,5
2025-08-27,C0420,S007,Sports Arena,Sports,Yoga Mat,1,799,20,639.2,UPI,Non-Member,5
2025-08-27,C0042,S006,Beauty Corner,Beauty,Shampoo,1,499,10,449.1,Cash,Non-Member,5
2025-08-27,C0467,S001,Fashion Hub,Fashion,Jeans,2,1499,10,2698.2,Cash,Non-Member,5
2025-08-28,C0431,S002,Style Point,Fashion,T-Shirt,2,799,15,1358.3,Cash,Non-Member,3
2025-08-28,C0429,S008,Book House,Books,Business Book,1,699,20,559.2,UPI,Member,3
2025-08-28,C0375,S002,Style Point,Fashion,Jeans,1,1499,20,1199.2,Cash,Member,3
2025-08-28,C0149,S006,Beauty Corner,Beauty,Shampoo,2,499,5,948.1,Cash,Member,4
2025-08-29,C0254,S005,Home Needs,Home & Lifestyle,Bedsheet,3,1299,5,3702.15,UPI,Non-Member,3
2025-08-30,C0105,S008,Book House,Books,Notebook,1,199,5,189.05,Card,Member,4
2025-08-30,C0457,S008,Book House,Books,Notebook,1,199,0,199.0,UPI,Non-Member,4
2025-08-30,C0026,S003,Tech World,Electronics,Bluetooth Speaker,2,1799,20,2878.4,Cash,Non-Member,4
2025-09-01,C0261,S001,Fashion Hub,Fashion,T-Shirt,3,799,10,2157.3,UPI,Member,4
2025-09-02,C0350,S008,Book House,Books,Magazine,2,149,10,268.2,Card,Member,5
2025-09-02,C0116,S008,Book House,Books,Business Book,2,699,20,1118.4,Card,Member,5
2025-09-03,C0238,S001,Fashion Hub,Fashion,Sneakers,1,1999,20,1599.2,UPI,Member,3
2025-09-04,C0260,S007,Sports Arena,Sports,Skipping Rope,2,299,5,568.1,Card,Non-Member,5
2025-09-05,C0285,S004,Mobile Zone,Electronics,Smart Watch,2,2999,5,5698.1,Cash,Member,4
2025-09-05,C0260,S001,Fashion Hub,Fashion,Sneakers,1,1999,5,1899.05,Cash,Member,4
2025-09-06,C0106,S005,Home Needs,Home & Lifestyle,Cushion,3,499,0,1497.0,UPI,Non-Member,4
2025-09-06,C0050,S002,Style Point,Fashion,Sneakers,2,1999,5,3798.1,Card,Non-Member,4
2025-09-06,C0273,S002,Style Point,Fashion,Jacket,1,2499,0,2499.0,Card,Member,4
2025-09-06,C0407,S002,Style Point,Fashion,T-Shirt,2,799,0,1598.0,Cash,Member,4
2025-09-06,C0245,S008,Book House,Books,Children Book,3,299,10,807.3,UPI,Non-Member,4
2025-09-07,C0383,S008,Book House,Books,Business Book,1,699,0,699.0,Cash,Member,4
2025-09-09,C0482,S007,Sports Arena,Sports,Skipping Rope,2,299,10,538.2,Card,Member,4
2025-09-09,C0047,S008,Book House,Books,Novel,1,399,20,319.2,UPI,Non-Member,5
2025-09-09,C0224,S007,Sports Arena,Sports,Cricket Bat,1,1999,15,1699.15,UPI,Non-Member,4
2025-09-10,C0109,S003,Tech World,Electronics,Headphones,2,1499,5,2848.1,UPI,Member,4
2025-09-11,C0004,S008,Book House,Books,Notebook,2,199,20,318.4,UPI,Member,5
2025-09-11,C0371,S006,Beauty Corner,Beauty,Shampoo,1,499,20,399.2,UPI,Member,5
2025-09-11,C0251,S008,Book House,Books,Children Book,2,299,20,478.4,UPI,Non-Member,4
2025-09-12,C0031,S003,Tech World,Electronics,Headphones,2,1499,15,2548.3,UPI,Non-Member,4
2025-09-12,C0126,S004,Mobile Zone,Electronics,Keyboard,1,1299,0,1299.0,Card,Non-Member,4
2025-09-12,C0303,S004,Mobile Zone,Electronics,Bluetooth Speaker,1,1799,5,1709.05,Cash,Member,4
2025-09-12,C0137,S005,Home Needs,Home & Lifestyle,Lamp,2,899,0,1798.0,Card,Non-Member,3
2025-09-14,C0218,S002,Style Point,Fashion,Shirt,3,999,0,2997.0,UPI,Member,3
2025-09-14,C0183,S001,Fashion Hub,Fashion,Jeans,2,1499,20,2398.4,Cash,Member,4
2025-09-15,C0500,S002,Style Point,Fashion,Shirt,2,999,0,1998.0,UPI,Non-Member,3
2025-09-17,C0499,S008,Book House,Books,Novel,1,399,20,319.2,Cash,Member,4
2025-09-18,C0365,S007,Sports Arena,Sports,Football,1,899,5,854.05,Card,Non-Member,4
2025-09-19,C0352,S008,Book House,Books,Novel,3,399,0,1197.0,UPI,Non-Member,3
2025-09-19,C0075,S008,Book House,Books,Business Book,2,699,20,1118.4,UPI,Non-Member,4
2025-09-19,C0305,S003,Tech World,Electronics,Keyboard,1,1299,5,1234.05,Card,Member,3
2025-09-20,C0092,S007,Sports Arena,Sports,Sports Shoes,2,2499,20,3998.4,UPI,Non-Member,3
2025-09-20,C0120,S001,Fashion Hub,Fashion,Shirt,1,999,0,999.0,Cash,Member,4
2025-09-21,C0198,S003,Tech World,Electronics,Power Bank,3,999,0,2997.0,UPI,Non-Member,5
2025-09-22,C0133,S002,Style Point,Fashion,Jacket,1,2499,0,2499.0,Card,Member,4
2025-09-23,C0194,S008,Book House,Books,Notebook,2,199,10,358.2,Cash,Non-Member,3
2025-09-23,C0439,S002,Style Point,Fashion,Jeans,2,1499,0,2998.0,Card,Member,5
2025-09-23,C0191,S001,Fashion Hub,Fashion,Jacket,1,2499,20,1999.2,UPI,Non-Member,5
2025-09-25,C0051,S003,Tech World,Electronics,Bluetooth Speaker,1,1799,15,1529.15,Cash,Member,5
2025-09-25,C0001,S004,Mobile Zone,Electronics,Bluetooth Speaker,1,1799,0,1799.0,Cash,Non-Member,5
2025-09-26,C0083,S002,Style Point,Fashion,Sneakers,3,1999,5,5697.15,Cash,Non-Member,3
2025-09-26,C0390,S001,Fashion Hub,Fashion,Shirt,2,999,5,1898.1,UPI,Non-Member,3
2025-09-27,C0106,S007,Sports Arena,Sports,Sports Shoes,2,2499,0,4998.0,Card,Member,3
2025-09-29,C0235,S006,Beauty Corner,Beauty,Face Wash,3,399,0,1197.0,Card,Member,5
2025-09-30,C0338,S004,Mobile Zone,Electronics,Power Bank,3,999,0,2997.0,Card,Non-Member,4
2025-09-30,C0275,S001,Fashion Hub,Fashion,Shirt,1,999,20,799.2,Cash,Member,5
2025-09-30,C0457,S002,Style Point,Fashion,Jeans,1,1499,10,1349.1,Cash,Non-Member,4
2025-09-30,C0399,S002,Style Point,Fashion,T-Shirt,1,799,20,639.2,Card,Non-Member,4
2025-10-01,C0427,S003,Tech World,Electronics,Smart Watch,1,2999,0,2999.0,Cash,Non-Member,4
2025-10-01,C0104,S006,Beauty Corner,Beauty,Face Wash,1,399,20,319.2,Card,Member,4
2025-10-02,C0262,S005,Home Needs,Home & Lifestyle,Bottle,1,399,0,399.0,Cash,Non-Member,4
2025-10-02,C0010,S001,Fashion Hub,Fashion,Sneakers,1,1999,15,1699.15,Cash,Member,4
2025-10-02,C0335,S008,Book House,Books,Business Book,1,699,0,699.0,UPI,Member,4
2025-10-03,C0012,S004,Mobile Zone,Electronics,Smart Watch,2,2999,5,5698.1,UPI,Non-Member,4
2025-10-04,C0156,S008,Book House,Books,Children Book,3,299,20,717.6,Card,Non-Member,5
2025-10-05,C0427,S004,Mobile Zone,Electronics,Smart Watch,2,2999,0,5998.0,Card,Non-Member,4
2025-10-07,C0251,S004,Mobile Zone,Electronics,Bluetooth Speaker,1,1799,5,1709.05,Cash,Member,4
2025-10-07,C0108,S001,Fashion Hub,Fashion,Sneakers,1,1999,15,1699.15,Card,Non-Member,5
2025-10-07,C0211,S002,Style Point,Fashion,Jacket,1,2499,5,2374.05,Card,Member,5
2025-10-07,C0219,S006,Beauty Corner,Beauty,Moisturizer,1,599,0,599.0,Card,Non-Member,5
2025-10-10,C0318,S006,Beauty Corner,Beauty,Shampoo,1,499,0,499.0,Cash,Member,5
2025-10-10,C0164,S001,Fashion Hub,Fashion,Jacket,1,2499,10,2249.1,UPI,Member,4
2025-10-10,C0329,S005,Home Needs,Home & Lifestyle,Storage Box,2,699,0,1398.0,Card,Member,5
2025-10-10,C0340,S003,Tech World,Electronics,Headphones,1,1499,0,1499.0,UPI,Non-Member,4
2025-10-10,C0237,S008,Book House,Books,Notebook,1,199,0,199.0,UPI,Non-Member,5
2025-10-10,C0182,S006,Beauty Corner,Beauty,Face Wash,1,399,10,359.1,Cash,Member,4
2025-10-11,C0039,S006,Beauty Corner,Beauty,Moisturizer,3,599,10,1617.3,UPI,Non-Member,5
2025-10-11,C0457,S008,Book House,Books,Magazine,1,149,10,134.1,Card,Member,5
2025-10-13,C0347,S007,Sports Arena,Sports,Cricket Bat,1,1999,15,1699.15,Card,Non-Member,5
2025-10-13,C0427,S007,Sports Arena,Sports,Skipping Rope,2,299,0,598.0,Cash,Member,5
2025-10-14,C0160,S007,Sports Arena,Sports,Football,2,899,15,1528.3,Card,Non-Member,5
2025-10-14,C0314,S007,Sports Arena,Sports,Cricket Bat,1,1999,0,1999.0,Card,Member,4
2025-10-15,C0428,S007,Sports Arena,Sports,Skipping Rope,1,299,20,239.2,Card,Member,5
2025-10-19,C0159,S003,Tech World,Electronics,Keyboard,2,1299,20,2078.4,UPI,Non-Member,5
2025-10-19,C0370,S008,Book House,Books,Business Book,3,699,0,2097.0,UPI,Member,5
2025-10-19,C0315,S001,Fashion Hub,Fashion,Jeans,3,1499,15,3822.45,Cash,Member,4
2025-10-19,C0277,S008,Book House,Books,Business Book,2,699,10,1258.2,Card,Non-Member,5
2025-10-19,C0411,S006,Beauty Corner,Beauty,Shampoo,3,499,0,1497.0,UPI,Non-Member,4
2025-10-20,C0026,S006,Beauty Corner,Beauty,Lip Balm,3,249,0,747.0,UPI,Non-Member,5
2025-10-21,C0280,S005,Home Needs,Home & Lifestyle,Bedsheet,2,1299,15,2208.3,UPI,Member,5
2025-10-21,C0160,S002,Style Point,Fashion,Jeans,2,1499,20,2398.4,Card,Non-Member,4
2025-10-21,C0008,S008,Book House,Books,Children Book,1,299,20,239.2,UPI,Non-Member,4
2025-10-23,C0235,S005,Home Needs,Home & Lifestyle,Bedsheet,1,1299,20,1039.2,UPI,Non-Member,4
2025-10-23,C0020,S008,Book House,Books,Novel,1,399,0,399.0,UPI,Non-Member,3
2025-10-23,C0375,S003,Tech World,Electronics,Smart Watch,1,2999,15,2549.15,Card,Member,4
2025-10-23,C0397,S005,Home Needs,Home & Lifestyle,Cushion,3,499,0,1497.0,Card,Member,5
2025-10-23,C0277,S005,Home Needs,Home & Lifestyle,Storage Box,1,699,0,699.0,Card,Non-Member,4
2025-10-24,C0338,S005,Home Needs,Home & Lifestyle,Lamp,2,899,10,1618.2,Card,Non-Member,5
2025-10-24,C0452,S001,Fashion Hub,Fashion,Shirt,2,999,0,1998.0,UPI,Member,4
2025-10-25,C0438,S003,Tech World,Electronics,Keyboard,2,1299,15,2208.3,Card,Non-Member,5
2025-10-26,C0158,S004,Mobile Zone,Electronics,Headphones,1,1499,10,1349.1,Card,Non-Member,4
2025-10-26,C0080,S003,Tech World,Electronics,Bluetooth Speaker,1,1799,5,1709.05,Cash,Member,4
2025-10-29,C0147,S003,Tech World,Electronics,Smart Watch,1,2999,10,2699.1,UPI,Member,4
2025-11-01,C0243,S006,Beauty Corner,Beauty,Shampoo,2,499,0,998.0,UPI,Member,5
2025-11-01,C0412,S003,Tech World,Electronics,Headphones,1,1499,5,1424.05,Cash,Member,3
2025-11-01,C0287,S004,Mobile Zone,Electronics,Headphones,2,1499,20,2398.4,Cash,Non-Member,4
2025-11-02,C0363,S001,Fashion Hub,Fashion,Shirt,1,999,0,999.0,UPI,Non-Member,4
2025-11-03,C0119,S005,Home Needs,Home & Lifestyle,Lamp,1,899,10,809.1,UPI,Member,5
2025-11-04,C0128,S006,Beauty Corner,Beauty,Moisturizer,1,599,20,479.2,Card,Non-Member,5
2025-11-04,C0044,S008,Book House,Books,Children Book,3,299,5,852.15,UPI,Non-Member,5
2025-11-04,C0295,S002,Style Point,Fashion,Jacket,2,2499,0,4998.0,UPI,Member,4
2025-11-06,C0147,S006,Beauty Corner,Beauty,Shampoo,1,499,15,424.15,Cash,Non-Member,5
2025-11-07,C0463,S007,Sports Arena,Sports,Yoga Mat,2,799,5,1518.1,UPI,Non-Member,4
2025-11-07,C0193,S004,Mobile Zone,Electronics,Headphones,2,1499,15,2548.3,Card,Member,4
2025-11-08,C0475,S008,Book House,Books,Children Book,2,299,10,538.2,Cash,Member,5
2025-11-09,C0008,S004,Mobile Zone,Electronics,Power Bank,2,999,0,1998.0,UPI,Member,5
2025-11-09,C0290,S003,Tech World,Electronics,Headphones,3,1499,10,4047.3,UPI,Member,4
2025-11-10,C0166,S001,Fashion Hub,Fashion,Jacket,2,2499,5,4748.1,UPI,Member,3
2025-11-10,C0467,S002,Style Point,Fashion,T-Shirt,1,799,15,679.15,Card,Non-Member,5
2025-11-11,C0453,S002,Style Point,Fashion,Jeans,2,1499,10,2698.2,Card,Non-Member,4
2025-11-13,C0323,S005,Home Needs,Home & Lifestyle,Cushion,3,499,15,1272.45,Card,Non-Member,4
2025-11-13,C0116,S008,Book House,Books,Notebook,2,199,15,338.3,UPI,Non-Member,3
2025-11-13,C0250,S003,Tech World,Electronics,Smart Watch,2,2999,20,4798.4,Card,Member,4
2025-11-14,C0272,S001,Fashion Hub,Fashion,Shirt,1,999,0,999.0,Card,Non-Member,4
2025-11-14,C0152,S005,Home Needs,Home & Lifestyle,Lamp,1,899,0,899.0,Cash,Member,5
2025-11-15,C0480,S006,Beauty Corner,Beauty,Moisturizer,1,599,20,479.2,UPI,Non-Member,5
2025-11-15,C0171,S006,Beauty Corner,Beauty,Perfume,3,999,5,2847.15,UPI,Member,4
2025-11-16,C0152,S007,Sports Arena,Sports,Skipping Rope,3,299,0,897.0,Cash,Non-Member,4
2025-11-16,C0184,S003,Tech World,Electronics,Keyboard,1,1299,15,1104.15,UPI,Member,5
2025-11-16,C0113,S006,Beauty Corner,Beauty,Lip Balm,3,249,10,672.3,UPI,Member,4
2025-11-17,C0485,S004,Mobile Zone,Electronics,Keyboard,1,1299,5,1234.05,UPI,Member,3
2025-11-17,C0290,S003,Tech World,Electronics,Power Bank,1,999,20,799.2,UPI,Member,5
2025-11-17,C0054,S008,Book House,Books,Children Book,2,299,5,568.1,Card,Member,3
2025-11-18,C0145,S003,Tech World,Electronics,Bluetooth Speaker,2,1799,15,3058.3,Cash,Member,4
2025-11-19,C0369,S007,Sports Arena,Sports,Cricket Bat,2,1999,5,3798.1,UPI,Non-Member,5
2025-11-19,C0380,S008,Book House,Books,Business Book,1,699,0,699.0,Card,Non-Member,3
2025-11-20,C0027,S005,Home Needs,Home & Lifestyle,Bedsheet,3,1299,10,3507.3,UPI,Non-Member,4
2025-11-20,C0163,S004,Mobile Zone,Electronics,Power Bank,2,999,10,1798.2,UPI,Member,5
2025-11-21,C0040,S006,Beauty Corner,Beauty,Moisturizer,1,599,5,569.05,Cash,Member,3
2025-11-21,C0198,S005,Home Needs,Home & Lifestyle,Cushion,3,499,0,1497.0,Cash,Non-Member,3
2025-11-21,C0180,S002,Style Point,Fashion,Sneakers,2,1999,5,3798.1,Cash,Non-Member,4
2025-11-22,C0436,S006,Beauty Corner,Beauty,Moisturizer,2,599,20,958.4,Cash,Non-Member,3
2025-11-22,C0282,S002,Style Point,Fashion,T-Shirt,2,799,20,1278.4,Card,Member,4
2025-11-24,C0426,S007,Sports Arena,Sports,Football,1,899,0,899.0,UPI,Member,3
2025-11-24,C0030,S006,Beauty Corner,Beauty,Shampoo,1,499,0,499.0,Card,Non-Member,3
2025-11-25,C0128,S002,Style Point,Fashion,T-Shirt,2,799,0,1598.0,UPI,Member,5
2025-11-25,C0016,S008,Book House,Books,Notebook,1,199,15,169.15,UPI,Non-Member,3
2025-11-25,C0351,S001,Fashion Hub,Fashion,T-Shirt,3,799,20,1917.6,Cash,Non-Member,4
2025-11-25,C0337,S006,Beauty Corner,Beauty,Lip Balm,1,249,0,249.0,Card,Non-Member,3
2025-11-26,C0286,S008,Book House,Books,Magazine,2,149,0,298.0,UPI,Non-Member,4
2025-11-28,C0078,S006,Beauty Corner,Beauty,Moisturizer,3,599,0,1797.0,Card,Member,5
2025-11-28,C0482,S008,Book House,Books,Business Book,3,699,0,2097.0,Card,Non-Member,4
2025-11-28,C0099,S002,Style Point,Fashion,Jacket,1,2499,20,1999.2,Card,Member,5
2025-11-28,C0441,S004,Mobile Zone,Electronics,Power Bank,2,999,5,1898.1,UPI,Non-Member,5
2025-11-29,C0006,S001,Fashion Hub,Fashion,Sneakers,3,1999,5,5697.15,UPI,Non-Member,5
2025-11-30,C0448,S001,Fashion Hub,Fashion,T-Shirt,1,799,0,799.0,UPI,Member,5
2025-11-30,C0480,S008,Book House,Books,Notebook,1,199,15,169.15,Card,Member,4
2025-11-30,C0494,S002,Style Point,Fashion,T-Shirt,1,799,10,719.1,Cash,Non-Member,4
2025-12-02,C0083,S007,Sports Arena,Sports,Yoga Mat,1,799,5,759.05,Card,Non-Member,5
2025-12-02,C0357,S007,Sports Arena,Sports,Cricket Bat,1,1999,20,1599.2,UPI,Non-Member,4
2025-12-03,C0101,S003,Tech World,Electronics,Keyboard,1,1299,10,1169.1,UPI,Non-Member,4
2025-12-03,C0361,S007,Sports Arena,Sports,Sports Shoes,2,2499,0,4998.0,Card,Member,5
2025-12-04,C0151,S004,Mobile Zone,Electronics,Smart Watch,1,2999,15,2549.15,UPI,Member,3
2025-12-05,C0150,S008,Book House,Books,Magazine,2,149,15,253.3,Cash,Non-Member,5
2025-12-05,C0335,S007,Sports Arena,Sports,Football,1,899,5,854.05,Card,Member,4
2025-12-05,C0051,S006,Beauty Corner,Beauty,Moisturizer,2,599,0,1198.0,Cash,Member,5
2025-12-06,C0141,S007,Sports Arena,Sports,Skipping Rope,2,299,20,478.4,Cash,Member,3
2025-12-06,C0234,S008,Book House,Books,Business Book,1,699,15,594.15,Cash,Member,3
2025-12-06,C0176,S001,Fashion Hub,Fashion,Sneakers,1,1999,15,1699.15,UPI,Non-Member,4
2025-12-06,C0035,S007,Sports Arena,Sports,Cricket Bat,1,1999,15,1699.15,Cash,Non-Member,4
2025-12-07,C0426,S003,Tech World,Electronics,Power Bank,2,999,10,1798.2,Cash,Non-Member,5
2025-12-08,C0090,S005,Home Needs,Home & Lifestyle,Storage Box,3,699,20,1677.6,Cash,Non-Member,3
2025-12-08,C0497,S003,Tech World,Electronics,Bluetooth Speaker,1,1799,15,1529.15,Cash,Member,5
2025-12-09,C0198,S008,Book House,Books,Magazine,2,149,5,283.1,Card,Member,3
2025-12-09,C0307,S007,Sports Arena,Sports,Football,1,899,0,899.0,Cash,Non-Member,4
2025-12-10,C0456,S006,Beauty Corner,Beauty,Face Wash,2,399,15,678.3,Cash,Member,5
2025-12-10,C0412,S001,Fashion Hub,Fashion,Sneakers,1,1999,10,1799.1,UPI,Non-Member,4
2025-12-10,C0295,S005,Home Needs,Home & Lifestyle,Storage Box,1,699,10,629.1,Cash,Non-Member,4
2025-12-11,C0407,S001,Fashion Hub,Fashion,Shirt,2,999,10,1798.2,UPI,Non-Member,4
2025-12-11,C0143,S006,Beauty Corner,Beauty,Face Wash,2,399,0,798.0,UPI,Member,4
2025-12-12,C0099,S001,Fashion Hub,Fashion,T-Shirt,3,799,0,2397.0,Cash,Member,4
2025-12-12,C0023,S003,Tech World,Electronics,Smart Watch,3,2999,20,7197.6,Cash,Non-Member,5
2025-12-14,C0279,S006,Beauty Corner,Beauty,Shampoo,2,499,15,848.3,Cash,Non-Member,4
2025-12-14,C0424,S006,Beauty Corner,Beauty,Lip Balm,2,249,0,498.0,Card,Non-Member,3
2025-12-15,C0472,S008,Book House,Books,Magazine,2,149,0,298.0,Card,Member,4
2025-12-15,C0247,S002,Style Point,Fashion,Jeans,2,1499,15,2548.3,Card,Non-Member,4
2025-12-15,C0315,S007,Sports Arena,Sports,Yoga Mat,1,799,5,759.05,Cash,Non-Member,5
2025-12-16,C0239,S003,Tech World,Electronics,Smart Watch,3,2999,20,7197.6,UPI,Non-Member,4
2025-12-16,C0422,S001,Fashion Hub,Fashion,Jacket,3,2499,10,6747.3,Cash,Non-Member,4
2025-12-17,C0424,S007,Sports Arena,Sports,Sports Shoes,2,2499,0,4998.0,UPI,Member,4
2025-12-17,C0312,S002,Style Point,Fashion,Shirt,2,999,0,1998.0,Card,Member,4
2025-12-17,C0337,S002,Style Point,Fashion,T-Shirt,2,799,10,1438.2,Card,Non-Member,3
2025-12-18,C0131,S006,Beauty Corner,Beauty,Face Wash,1,399,10,359.1,UPI,Member,5
2025-12-18,C0067,S003,Tech World,Electronics,Smart Watch,3,2999,20,7197.6,UPI,Non-Member,4
2025-12-18,C0145,S001,Fashion Hub,Fashion,Shirt,2,999,0,1998.0,UPI,Member,3
2025-12-19,C0234,S007,Sports Arena,Sports,Sports Shoes,2,2499,10,4498.2,Card,Member,4
2025-12-19,C0269,S001,Fashion Hub,Fashion,Jeans,1,1499,10,1349.1,Card,Non-Member,4
2025-12-20,C0075,S002,Style Point,Fashion,T-Shirt,1,799,10,719.1,Card,Member,4
2025-12-22,C0072,S002,Style Point,Fashion,Shirt,1,999,10,899.1,Cash,Non-Member,4
2025-12-22,C0116,S001,Fashion Hub,Fashion,T-Shirt,2,799,0,1598.0,Cash,Non-Member,5
2025-12-23,C0109,S001,Fashion Hub,Fashion,Shirt,2,999,0,1998.0,Card,Non-Member,4
2025-12-23,C0025,S008,Book House,Books,Notebook,2,199,5,378.1,Card,Member,3
2025-12-26,C0015,S008,Book House,Books,Magazine,1,149,5,141.55,Card,Member,4
2025-12-26,C0475,S008,Book House,Books,Magazine,1,149,10,134.1,Cash,Member,4
2025-12-26,C0273,S001,Fashion Hub,Fashion,T-Shirt,1,799,0,799.0,Cash,Member,4
2025-12-28,C0368,S007,Sports Arena,Sports,Football,3,899,20,2157.6,Cash,Non-Member,3
2025-12-29,C0061,S006,Beauty Corner,Beauty,Shampoo,3,499,0,1497.0,UPI,Member,4
2025-12-31,C0342,S008,Book House,Books,Children Book,3,299,15,762.45,Cash,Member,4
2025-12-31,C0192,S006,Beauty Corner,Beauty,Lip Balm,2,249,10,448.2,UPI,Non-Member,5
2026-01-01,C0140,S002,Style Point,Fashion,Jeans,2,1499,0,2998.0,UPI,Non-Member,5
2026-01-01,C0071,S001,Fashion Hub,Fashion,Shirt,1,999,0,999.0,UPI,Non-Member,4
2026-01-01,C0373,S008,Book House,Books,Children Book,2,299,0,598.0,UPI,Member,4
2026-01-01,C0364,S008,Book House,Books,Children Book,2,299,10,538.2,Card,Non-Member,4
2026-01-01,C0378,S008,Book House,Books,Magazine,2,149,20,238.4,Card,Member,4
2026-01-01,C0481,S003,Tech World,Electronics,Power Bank,1,999,10,899.1,Card,Member,4
2026-01-02,C0235,S002,Style Point,Fashion,Jeans,2,1499,5,2848.1,Cash,Non-Member,4
2026-01-03,C0091,S008,Book House,Books,Business Book,2,699,20,1118.4,Cash,Member,4
2026-01-04,C0190,S006,Beauty Corner,Beauty,Lip Balm,1,249,15,211.65,UPI,Non-Member,5
2026-01-05,C0497,S005,Home Needs,Home & Lifestyle,Lamp,1,899,0,899.0,Cash,Non-Member,5
2026-01-07,C0202,S007,Sports Arena,Sports,Sports Shoes,1,2499,0,2499.0,Card,Member,4
2026-01-08,C0351,S002,Style Point,Fashion,T-Shirt,2,799,0,1598.0,Card,Member,5
2026-01-08,C0186,S002,Style Point,Fashion,T-Shirt,3,799,0,2397.0,Card,Member,5
2026-01-09,C0114,S006,Beauty Corner,Beauty,Lip Balm,2,249,0,498.0,UPI,Member,5
2026-01-09,C0163,S002,Style Point,Fashion,T-Shirt,3,799,10,2157.3,Card,Non-Member,4
2026-01-09,C0192,S004,Mobile Zone,Electronics,Keyboard,2,1299,0,2598.0,Cash,Non-Member,3
2026-01-10,C0474,S008,Book House,Books,Business Book,2,699,0,1398.0,UPI,Non-Member,3
2026-01-11,C0322,S005,Home Needs,Home & Lifestyle,Cushion,2,499,0,998.0,Card,Non-Member,4
2026-01-12,C0300,S006,Beauty Corner,Beauty,Lip Balm,1,249,5,236.55,Cash,Member,3
2026-01-12,C0295,S004,Mobile Zone,Electronics,Smart Watch,2,2999,20,4798.4,Card,Member,3
2026-01-12,C0241,S007,Sports Arena,Sports,Skipping Rope,3,299,15,762.45,Card,Non-Member,4
2026-01-13,C0227,S002,Style Point,Fashion,Jacket,2,2499,0,4998.0,UPI,Member,4
2026-01-14,C0094,S006,Beauty Corner,Beauty,Moisturizer,1,599,10,539.1,Cash,Member,4
2026-01-14,C0443,S002,Style Point,Fashion,T-Shirt,1,799,20,639.2,Cash,Non-Member,4
2026-01-15,C0333,S007,Sports Arena,Sports,Football,2,899,0,1798.0,Cash,Non-Member,5
2026-01-15,C0046,S006,Beauty Corner,Beauty,Face Wash,2,399,20,638.4,Card,Non-Member,3
2026-01-16,C0190,S005,Home Needs,Home & Lifestyle,Bedsheet,2,1299,0,2598.0,UPI,Member,4
2026-01-16,C0306,S001,Fashion Hub,Fashion,Jacket,2,2499,0,4998.0,Card,Non-Member,4
2026-01-16,C0367,S006,Beauty Corner,Beauty,Face Wash,2,399,0,798.0,UPI,Non-Member,3
2026-01-17,C0383,S005,Home Needs,Home & Lifestyle,Bottle,2,399,0,798.0,UPI,Member,5
2026-01-18,C0066,S005,Home Needs,Home & Lifestyle,Bedsheet,1,1299,0,1299.0,UPI,Member,4
2026-01-18,C0403,S006,Beauty Corner,Beauty,Lip Balm,1,249,20,199.2,Cash,Member,4
2026-01-18,C0340,S001,Fashion Hub,Fashion,Shirt,3,999,5,2847.15,UPI,Member,5
2026-01-19,C0356,S001,Fashion Hub,Fashion,Sneakers,1,1999,0,1999.0,UPI,Non-Member,5
2026-01-19,C0158,S003,Tech World,Electronics,Power Bank,3,999,20,2397.6,Card,Non-Member,5
2026-01-20,C0249,S003,Tech World,Electronics,Bluetooth Speaker,1,1799,0,1799.0,Cash,Non-Member,5
2026-01-20,C0148,S007,Sports Arena,Sports,Skipping Rope,1,299,0,299.0,Cash,Member,4
2026-01-20,C0492,S007,Sports Arena,Sports,Sports Shoes,1,2499,5,2374.05,Cash,Member,4
2026-01-21,C0002,S005,Home Needs,Home & Lifestyle,Storage Box,1,699,5,664.05,UPI,Non-Member,4
2026-01-22,C0422,S005,Home Needs,Home & Lifestyle,Cushion,2,499,0,998.0,Card,Member,5
2026-01-22,C0374,S005,Home Needs,Home & Lifestyle,Cushion,3,499,0,1497.0,UPI,Member,4
2026-01-23,C0035,S007,Sports Arena,Sports,Cricket Bat,2,1999,5,3798.1,Cash,Member,4
2026-01-23,C0423,S008,Book House,Books,Business Book,3,699,0,2097.0,Cash,Non-Member,3
2026-01-23,C0008,S005,Home Needs,Home & Lifestyle,Cushion,2,499,0,998.0,UPI,Member,4
2026-01-24,C0297,S003,Tech World,Electronics,Smart Watch,1,2999,5,2849.05,Cash,Member,5
2026-01-24,C0035,S003,Tech World,Electronics,Power Bank,2,999,0,1998.0,UPI,Member,5
2026-01-25,C0086,S002,Style Point,Fashion,T-Shirt,3,799,0,2397.0,Cash,Member,4
2026-01-26,C0449,S004,Mobile Zone,Electronics,Keyboard,2,1299,10,2338.2,UPI,Member,3
2026-01-27,C0226,S005,Home Needs,Home & Lifestyle,Bottle,2,399,5,758.1,Card,Non-Member,5
2026-01-28,C0312,S002,Style Point,Fashion,Jacket,1,2499,0,2499.0,Card,Non-Member,5
2026-01-28,C0163,S007,Sports Arena,Sports,Skipping Rope,3,299,0,897.0,UPI,Non-Member,4
2026-01-28,C0106,S006,Beauty Corner,Beauty,Face Wash,2,399,20,638.4,Cash,Member,5
2026-01-29,C0295,S007,Sports Arena,Sports,Football,2,899,0,1798.0,Cash,Member,5
2026-01-29,C0404,S006,Beauty Corner,Beauty,Perfume,3,999,15,2547.45,UPI,Non-Member,4
2026-01-30,C0392,S005,Home Needs,Home & Lifestyle,Lamp,1,899,5,854.05,UPI,Non-Member,4
2026-01-30,C0083,S001,Fashion Hub,Fashion,Jacket,1,2499,20,1999.2,UPI,Member,4
2026-01-31,C0163,S006,Beauty Corner,Beauty,Face Wash,2,399,15,678.3,Cash,Non-Member,4
2026-01-31,C0343,S007,Sports Arena,Sports,Football,1,899,10,809.1,Card,Member,4
2026-01-31,C0193,S004,Mobile Zone,Electronics,Keyboard,1,1299,20,1039.2,Card,Member,4
2026-01-31,C0147,S005,Home Needs,Home & Lifestyle,Bedsheet,1,1299,10,1169.1,Card,Non-Member,3
2026-01-31,C0497,S002,Style Point,Fashion,Jeans,2,1499,5,2848.1,UPI,Non-Member,4
2026-02-01,C0276,S002,Style Point,Fashion,Jacket,1,2499,0,2499.0,Card,Non-Member,4
2026-02-01,C0424,S003,Tech World,Electronics,Smart Watch,2,2999,20,4798.4,UPI,Member,5
2026-02-01,C0169,S006,Beauty Corner,Beauty,Face Wash,1,399,0,399.0,UPI,Member,5
2026-02-01,C0227,S006,Beauty Corner,Beauty,Moisturizer,2,599,10,1078.2,UPI,Non-Member,5
2026-02-01,C0313,S006,Beauty Corner,Beauty,Lip Balm,2,249,20,398.4,UPI,Non-Member,5
2026-02-02,C0190,S001,Fashion Hub,Fashion,Shirt,1,999,15,849.15,Cash,Non-Member,4
2026-02-03,C0093,S003,Tech World,Electronics,Keyboard,2,1299,0,2598.0,Card,Non-Member,5
2026-02-03,C0150,S005,Home Needs,Home & Lifestyle,Bedsheet,1,1299,15,1104.15,Cash,Non-Member,4
2026-02-04,C0384,S003,Tech World,Electronics,Headphones,3,1499,5,4272.15,Cash,Non-Member,5
2026-02-06,C0454,S001,Fashion Hub,Fashion,Jeans,1,1499,0,1499.0,Cash,Non-Member,5
2026-02-06,C0009,S007,Sports Arena,Sports,Football,1,899,20,719.2,Card,Member,4
2026-02-08,C0145,S004,Mobile Zone,Electronics,Smart Watch,1,2999,10,2699.1,Cash,Non-Member,4
2026-02-09,C0246,S002,Style Point,Fashion,Jacket,2,2499,0,4998.0,Cash,Member,3
2026-02-09,C0379,S002,Style Point,Fashion,Jeans,3,1499,20,3597.6,Card,Non-Member,3
2026-02-09,C0437,S008,Book House,Books,Children Book,1,299,15,254.15,Cash,Member,5
2026-02-10,C0214,S008,Book House,Books,Business Book,1,699,0,699.0,Cash,Member,4
2026-02-10,C0426,S007,Sports Arena,Sports,Cricket Bat,2,1999,15,3398.3,UPI,Non-Member,5
2026-02-11,C0013,S003,Tech World,Electronics,Headphones,1,1499,5,1424.05,Cash,Non-Member,3
2026-02-12,C0023,S005,Home Needs,Home & Lifestyle,Lamp,1,899,15,764.15,Card,Non-Member,5
2026-02-12,C0144,S005,Home Needs,Home & Lifestyle,Cushion,2,499,0,998.0,Cash,Member,4
2026-02-12,C0365,S004,Mobile Zone,Electronics,Keyboard,2,1299,15,2208.3,Card,Member,4
2026-02-13,C0224,S008,Book House,Books,Novel,2,399,0,798.0,Cash,Member,5
2026-02-14,C0342,S005,Home Needs,Home & Lifestyle,Cushion,1,499,5,474.05,UPI,Member,4
2026-02-15,C0487,S003,Tech World,Electronics,Power Bank,1,999,20,799.2,Cash,Member,4
2026-02-15,C0278,S001,Fashion Hub,Fashion,Jeans,2,1499,0,2998.0,UPI,Member,4
2026-02-16,C0345,S002,Style Point,Fashion,Jacket,1,2499,5,2374.05,Card,Non-Member,4
2026-02-16,C0348,S007,Sports Arena,Sports,Cricket Bat,2,1999,5,3798.1,UPI,Member,4
2026-02-18,C0207,S001,Fashion Hub,Fashion,Jacket,1,2499,5,2374.05,Cash,Member,5
2026-02-19,C0120,S008,Book House,Books,Business Book,1,699,20,559.2,UPI,Member,3
2026-02-20,C0334,S006,Beauty Corner,Beauty,Moisturizer,1,599,0,599.0,Cash,Non-Member,4
2026-02-22,C0012,S006,Beauty Corner,Beauty,Face Wash,2,399,0,798.0,UPI,Non-Member,4
2026-02-22,C0293,S004,Mobile Zone,Electronics,Smart Watch,1,2999,15,2549.15,Card,Non-Member,3
2026-02-22,C0460,S006,Beauty Corner,Beauty,Shampoo,1,499,15,424.15,Card,Non-Member,4
2026-02-23,C0265,S004,Mobile Zone,Electronics,Headphones,2,1499,0,2998.0,Cash,Member,5
2026-02-23,C0249,S006,Beauty Corner,Beauty,Perfume,1,999,0,999.0,Card,Non-Member,5
2026-02-23,C0382,S004,Mobile Zone,Electronics,Headphones,3,1499,15,3822.45,UPI,Non-Member,4
2026-02-23,C0101,S007,Sports Arena,Sports,Sports Shoes,1,2499,10,2249.1,Cash,Non-Member,4
2026-02-23,C0340,S005,Home Needs,Home & Lifestyle,Bedsheet,1,1299,0,1299.0,UPI,Non-Member,5
2026-02-24,C0254,S002,Style Point,Fashion,Sneakers,1,1999,0,1999.0,UPI,Non-Member,5
2026-02-24,C0227,S003,Tech World,Electronics,Bluetooth Speaker,3,1799,10,4857.3,UPI,Non-Member,4
2026-02-25,C0227,S002,Style Point,Fashion,Shirt,3,999,20,2397.6,Card,Member,4
2026-02-25,C0398,S005,Home Needs,Home & Lifestyle,Storage Box,1,699,5,664.05,Card,Member,4
2026-02-25,C0023,S005,Home Needs,Home & Lifestyle,Storage Box,2,699,5,1328.1,Cash,Non-Member,4
2026-02-26,C0329,S003,Tech World,Electronics,Smart Watch,1,2999,5,2849.05,UPI,Member,4
2026-02-26,C0039,S001,Fashion Hub,Fashion,Jeans,1,1499,0,1499.0,Card,Member,4
2026-02-27,C0338,S005,Home Needs,Home & Lifestyle,Bottle,2,399,10,718.2,UPI,Non-Member,4
2026-02-27,C0293,S007,Sports Arena,Sports,Football,1,899,10,809.1,Cash,Member,4
2026-02-27,C0320,S005,Home Needs,Home & Lifestyle,Cushion,1,499,5,474.05,Cash,Non-Member,4
2026-02-27,C0472,S006,Beauty Corner,Beauty,Lip Balm,3,249,0,747.0,UPI,Non-Member,5
2026-02-28,C0041,S008,Book House,Books,Notebook,2,199,20,318.4,Cash,Member,4
2026-02-28,C0387,S002,Style Point,Fashion,Jeans,1,1499,10,1349.1,Cash,Member,5
2026-03-01,C0353,S005,Home Needs,Home & Lifestyle,Storage Box,2,699,0,1398.0,Cash,Non-Member,4
2026-03-01,C0353,S007,Sports Arena,Sports,Skipping Rope,2,299,15,508.3,Card,Non-Member,4
2026-03-02,C0012,S005,Home Needs,Home & Lifestyle,Bottle,1,399,0,399.0,Card,Member,4
2026-03-02,C0226,S005,Home Needs,Home & Lifestyle,Lamp,2,899,5,1708.1,UPI,Member,3
2026-03-03,C0253,S004,Mobile Zone,Electronics,Smart Watch,1,2999,0,2999.0,Card,Member,4
2026-03-03,C0372,S007,Sports Arena,Sports,Yoga Mat,1,799,0,799.0,UPI,Non-Member,4
2026-03-03,C0403,S008,Book House,Books,Magazine,1,149,0,149.0,Cash,Member,4
2026-03-04,C0220,S003,Tech World,Electronics,Smart Watch,2,2999,0,5998.0,Cash,Member,5
2026-03-04,C0232,S006,Beauty Corner,Beauty,Lip Balm,3,249,15,634.95,UPI,Member,3
2026-03-04,C0241,S007,Sports Arena,Sports,Football,3,899,0,2697.0,Card,Member,4
2026-03-04,C0299,S007,Sports Arena,Sports,Yoga Mat,1,799,10,719.1,Cash,Member,4
2026-03-05,C0211,S008,Book House,Books,Children Book,2,299,5,568.1,UPI,Non-Member,4
2026-03-05,C0122,S005,Home Needs,Home & Lifestyle,Cushion,1,499,0,499.0,Card,Member,5
2026-03-06,C0118,S005,Home Needs,Home & Lifestyle,Storage Box,1,699,10,629.1,UPI,Member,4
2026-03-07,C0195,S005,Home Needs,Home & Lifestyle,Cushion,2,499,10,898.2,Cash,Non-Member,5
2026-03-07,C0325,S001,Fashion Hub,Fashion,Jacket,1,2499,20,1999.2,Card,Member,3
2026-03-08,C0261,S002,Style Point,Fashion,Shirt,1,999,0,999.0,Cash,Member,4
2026-03-08,C0097,S003,Tech World,Electronics,Power Bank,1,999,0,999.0,Cash,Non-Member,3
2026-03-08,C0268,S002,Style Point,Fashion,T-Shirt,3,799,10,2157.3,Cash,Member,4
2026-03-08,C0455,S002,Style Point,Fashion,T-Shirt,1,799,15,679.15,UPI,Member,3
2026-03-09,C0259,S001,Fashion Hub,Fashion,Sneakers,1,1999,20,1599.2,Card,Member,4
2026-03-09,C0081,S008,Book House,Books,Business Book,2,699,5,1328.1,Cash,Member,4
2026-03-10,C0426,S006,Beauty Corner,Beauty,Lip Balm,1,249,20,199.2,Card,Member,3
2026-03-11,C0097,S006,Beauty Corner,Beauty,Face Wash,2,399,0,798.0,Card,Member,4
2026-03-11,C0001,S008,Book House,Books,Novel,3,399,10,1077.3,Cash,Member,5
2026-03-12,C0406,S007,Sports Arena,Sports,Cricket Bat,3,1999,15,5097.45,Cash,Non-Member,4
2026-03-14,C0257,S003,Tech World,Electronics,Bluetooth Speaker,1,1799,0,1799.0,UPI,Member,5
2026-03-15,C0422,S003,Tech World,Electronics,Keyboard,2,1299,15,2208.3,Card,Member,4
2026-03-15,C0404,S007,Sports Arena,Sports,Cricket Bat,2,1999,20,3198.4,Cash,Non-Member,4
2026-03-16,C0125,S006,Beauty Corner,Beauty,Moisturizer,3,599,15,1527.45,UPI,Non-Member,3
2026-03-16,C0098,S003,Tech World,Electronics,Smart Watch,1,2999,5,2849.05,Cash,Member,5
2026-03-16,C0087,S005,Home Needs,Home & Lifestyle,Bottle,3,399,0,1197.0,UPI,Member,3
2026-03-16,C0227,S007,Sports Arena,Sports,Yoga Mat,3,799,5,2277.15,Cash,Member,3
2026-03-17,C0358,S006,Beauty Corner,Beauty,Lip Balm,1,249,20,199.2,Card,Member,5
2026-03-18,C0187,S008,Book House,Books,Magazine,3,149,10,402.3,Card,Non-Member,5
2026-03-19,C0182,S008,Book House,Books,Novel,2,399,20,638.4,Card,Non-Member,4
2026-03-19,C0165,S006,Beauty Corner,Beauty,Face Wash,2,399,5,758.1,Cash,Member,5
2026-03-19,C0479,S002,Style Point,Fashion,T-Shirt,2,799,20,1278.4,Cash,Non-Member,4
2026-03-20,C0204,S006,Beauty Corner,Beauty,Perfume,2,999,0,1998.0,UPI,Non-Member,4
2026-03-21,C0188,S006,Beauty Corner,Beauty,Shampoo,2,499,15,848.3,UPI,Member,3
2026-03-21,C0401,S006,Beauty Corner,Beauty,Perfume,1,999,0,999.0,Cash,Non-Member,3
2026-03-23,C0370,S004,Mobile Zone,Electronics,Smart Watch,1,2999,0,2999.0,Cash,Member,4
2026-03-24,C0143,S005,Home Needs,Home & Lifestyle,Lamp,2,899,15,1528.3,Cash,Member,4
2026-03-24,C0375,S006,Beauty Corner,Beauty,Perfume,1,999,10,899.1,UPI,Member,5
2026-03-25,C0149,S002,Style Point,Fashion,Jacket,2,2499,15,4248.3,Card,Member,4
2026-03-25,C0228,S002,Style Point,Fashion,T-Shirt,3,799,20,1917.6,UPI,Non-Member,4
2026-03-25,C0197,S005,Home Needs,Home & Lifestyle,Bedsheet,1,1299,0,1299.0,Cash,Non-Member,4
2026-03-26,C0112,S008,Book House,Books,Children Book,3,299,20,717.6,Card,Non-Member,4
2026-03-26,C0256,S004,Mobile Zone,Electronics,Keyboard,1,1299,15,1104.15,Card,Non-Member,4
2026-03-28,C0313,S001,Fashion Hub,Fashion,T-Shirt,3,799,0,2397.0,UPI,Member,4
2026-03-28,C0221,S003,Tech World,Electronics,Headphones,2,1499,5,2848.1,UPI,Non-Member,3
2026-03-28,C0014,S004,Mobile Zone,Electronics,Smart Watch,1,2999,15,2549.15,Card,Non-Member,5
2026-03-29,C0181,S008,Book House,Books,Notebook,2,199,20,318.4,Cash,Non-Member,5
2026-03-29,C0059,S001,Fashion Hub,Fashion,T-Shirt,1,799,15,679.15,Cash,Member,3
2026-03-29,C0121,S001,Fashion Hub,Fashion,Jacket,2,2499,10,4498.2,UPI,Non-Member,4
2026-03-29,C0047,S004,Mobile Zone,Electronics,Headphones,3,1499,10,4047.3,Cash,Member,3
2026-03-29,C0302,S007,Sports Arena,Sports,Cricket Bat,3,1999,0,5997.0,Card,Member,4
2026-03-29,C0310,S008,Book House,Books,Novel,1,399,20,319.2,Cash,Non-Member,3
2026-03-30,C0477,S006,Beauty Corner,Beauty,Perfume,1,999,0,999.0,Cash,Non-Member,4
2026-03-30,C0161,S007,Sports Arena,Sports,Skipping Rope,1,299,20,239.2,UPI,Non-Member,5
2026-03-31,C0379,S001,Fashion Hub,Fashion,Sneakers,1,1999,15,1699.15,Cash,Member,4
2026-03-31,C0104,S001,Fashion Hub,Fashion,T-Shirt,1,799,20,639.2,Cash,Member,4
2026-04-01,C0488,S002,Style Point,Fashion,Shirt,1,999,15,849.15,Cash,Member,4
2026-04-01,C0330,S005,Home Needs,Home & Lifestyle,Storage Box,3,699,10,1887.3,Cash,Member,4
2026-04-02,C0003,S006,Beauty Corner,Beauty,Lip Balm,2,249,0,498.0,Card,Non-Member,4
2026-04-03,C0268,S003,Tech World,Electronics,Power Bank,2,999,15,1698.3,UPI,Non-Member,3
2026-04-03,C0417,S005,Home Needs,Home & Lifestyle,Bedsheet,3,1299,0,3897.0,Card,Member,5
2026-04-03,C0320,S002,Style Point,Fashion,Jacket,1,2499,10,2249.1,Card,Non-Member,4
2026-04-05,C0289,S003,Tech World,Electronics,Keyboard,1,1299,20,1039.2,Card,Non-Member,5
2026-04-06,C0439,S008,Book House,Books,Novel,1,399,10,359.1,Card,Member,4
2026-04-06,C0394,S008,Book House,Books,Children Book,3,299,0,897.0,Cash,Non-Member,4
2026-04-07,C0247,S006,Beauty Corner,Beauty,Moisturizer,1,599,15,509.15,Card,Member,4
2026-04-07,C0120,S005,Home Needs,Home & Lifestyle,Storage Box,2,699,5,1328.1,Card,Non-Member,5
2026-04-10,C0164,S005,Home Needs,Home & Lifestyle,Bedsheet,1,1299,20,1039.2,Card,Non-Member,4
2026-04-10,C0131,S004,Mobile Zone,Electronics,Headphones,2,1499,0,2998.0,Cash,Member,4
2026-04-10,C0049,S003,Tech World,Electronics,Power Bank,1,999,15,849.15,Cash,Member,3
2026-04-10,C0367,S005,Home Needs,Home & Lifestyle,Cushion,3,499,5,1422.15,UPI,Member,4
2026-04-10,C0167,S003,Tech World,Electronics,Keyboard,1,1299,0,1299.0,UPI,Member,3
2026-04-11,C0496,S007,Sports Arena,Sports,Cricket Bat,1,1999,0,1999.0,Cash,Non-Member,4
2026-04-11,C0131,S004,Mobile Zone,Electronics,Power Bank,2,999,10,1798.2,UPI,Member,5
2026-04-11,C0317,S008,Book House,Books,Magazine,1,149,15,126.65,UPI,Member,4
2026-04-12,C0339,S003,Tech World,Electronics,Smart Watch,1,2999,0,2999.0,Card,Member,4
2026-04-12,C0140,S003,Tech World,Electronics,Smart Watch,1,2999,20,2399.2,Card,Member,3
2026-04-12,C0376,S008,Book House,Books,Business Book,1,699,20,559.2,Cash,Non-Member,4
2026-04-13,C0369,S001,Fashion Hub,Fashion,Jacket,2,2499,5,4748.1,Card,Member,5
2026-04-13,C0317,S008,Book House,Books,Business Book,3,699,20,1677.6,Card,Member,4
2026-04-13,C0288,S004,Mobile Zone,Electronics,Power Bank,2,999,0,1998.0,Cash,Member,5
2026-04-13,C0168,S006,Beauty Corner,Beauty,Moisturizer,1,599,20,479.2,Cash,Member,5
2026-04-14,C0194,S007,Sports Arena,Sports,Sports Shoes,1,2499,10,2249.1,UPI,Member,4
2026-04-14,C0180,S003,Tech World,Electronics,Headphones,1,1499,0,1499.0,Card,Member,4
2026-04-15,C0139,S005,Home Needs,Home & Lifestyle,Bedsheet,2,1299,10,2338.2,UPI,Member,3
2026-04-15,C0181,S006,Beauty Corner,Beauty,Perfume,1,999,20,799.2,UPI,Member,3
2026-04-15,C0199,S004,Mobile Zone,Electronics,Headphones,1,1499,0,1499.0,Cash,Non-Member,3
2026-04-15,C0230,S004,Mobile Zone,Electronics,Smart Watch,3,2999,0,8997.0,Card,Member,3
2026-04-16,C0161,S006,Beauty Corner,Beauty,Moisturizer,2,599,5,1138.1,UPI,Member,5
2026-04-16,C0423,S007,Sports Arena,Sports,Sports Shoes,1,2499,0,2499.0,Card,Member,5
2026-04-17,C0151,S002,Style Point,Fashion,Jeans,1,1499,0,1499.0,UPI,Non-Member,5
2026-04-17,C0146,S005,Home Needs,Home & Lifestyle,Cushion,2,499,5,948.1,UPI,Non-Member,4
2026-04-18,C0016,S003,Tech World,Electronics,Power Bank,1,999,10,899.1,UPI,Member,3
2026-04-19,C0215,S003,Tech World,Electronics,Headphones,1,1499,10,1349.1,UPI,Member,4
2026-04-21,C0426,S001,Fashion Hub,Fashion,Sneakers,1,1999,0,1999.0,UPI,Non-Member,5
2026-04-21,C0032,S008,Book House,Books,Business Book,2,699,0,1398.0,Cash,Member,3
2026-04-22,C0298,S001,Fashion Hub,Fashion,Shirt,3,999,10,2697.3,UPI,Member,4
2026-04-22,C0122,S008,Book House,Books,Business Book,3,699,10,1887.3,Cash,Member,4
2026-04-22,C0412,S007,Sports Arena,Sports,Yoga Mat,1,799,5,759.05,Card,Member,5
2026-04-23,C0423,S003,Tech World,Electronics,Power Bank,2,999,10,1798.2,Card,Member,4
2026-04-23,C0062,S007,Sports Arena,Sports,Skipping Rope,2,299,5,568.1,Cash,Member,5
2026-04-24,C0243,S002,Style Point,Fashion,Jacket,1,2499,0,2499.0,UPI,Non-Member,4
2026-04-24,C0491,S008,Book House,Books,Magazine,3,149,5,424.65,Cash,Member,5
2026-04-24,C0169,S004,Mobile Zone,Electronics,Headphones,2,1499,15,2548.3,UPI,Non-Member,4
2026-04-25,C0456,S004,Mobile Zone,Electronics,Smart Watch,2,2999,15,5098.3,UPI,Member,4
2026-04-25,C0124,S007,Sports Arena,Sports,Football,1,899,5,854.05,Card,Member,4
2026-04-26,C0441,S007,Sports Arena,Sports,Cricket Bat,1,1999,15,1699.15,UPI,Member,5
2026-04-27,C0476,S003,Tech World,Electronics,Bluetooth Speaker,3,1799,0,5397.0,UPI,Non-Member,4
2026-04-28,C0158,S008,Book House,Books,Magazine,1,149,0,149.0,Cash,Member,4
2026-04-28,C0344,S005,Home Needs,Home & Lifestyle,Bedsheet,2,1299,0,2598.0,UPI,Non-Member,4
2026-04-28,C0358,S002,Style Point,Fashion,Jeans,3,1499,0,4497.0,UPI,Member,5
2026-04-28,C0095,S006,Beauty Corner,Beauty,Perfume,1,999,0,999.0,Cash,Non-Member,5
2026-04-28,C0022,S006,Beauty Corner,Beauty,Lip Balm,1,249,20,199.2,Cash,Member,3
2026-04-28,C0357,S004,Mobile Zone,Electronics,Power Bank,1,999,0,999.0,Card,Non-Member,5
2026-04-29,C0344,S006,Beauty Corner,Beauty,Perfume,3,999,5,2847.15,UPI,Non-Member,5
2026-04-29,C0146,S003,Tech World,Electronics,Bluetooth Speaker,1,1799,10,1619.1,Card,Non-Member,5
2026-04-29,C0151,S005,Home Needs,Home & Lifestyle,Cushion,2,499,5,948.1,UPI,Non-Member,3
2026-04-29,C0255,S006,Beauty Corner,Beauty,Face Wash,3,399,5,1137.15,Card,Member,5
2026-04-30,C0002,S003,Tech World,Electronics,Bluetooth Speaker,1,1799,0,1799.0,UPI,Non-Member,5
2026-04-30,C0453,S004,Mobile Zone,Electronics,Keyboard,1,1299,0,1299.0,Card,Member,3
2026-04-30,C0365,S002,Style Point,Fashion,Jeans,2,1499,0,2998.0,Cash,Member,5
2026-05-02,C0448,S005,Home Needs,Home & Lifestyle,Storage Box,1,699,20,559.2,Card,Non-Member,4
2026-05-02,C0282,S006,Beauty Corner,Beauty,Face Wash,1,399,0,399.0,Cash,Member,5
2026-05-03,C0364,S005,Home Needs,Home & Lifestyle,Bedsheet,1,1299,10,1169.1,UPI,Non-Member,5
2026-05-04,C0358,S008,Book House,Books,Notebook,2,199,0,398.0,UPI,Non-Member,4
2026-05-04,C0412,S003,Tech World,Electronics,Headphones,2,1499,5,2848.1,Cash,Non-Member,5
2026-05-05,C0305,S001,Fashion Hub,Fashion,Shirt,1,999,5,949.05,UPI,Member,4
2026-05-05,C0152,S007,Sports Arena,Sports,Yoga Mat,1,799,20,639.2,Cash,Member,3
2026-05-05,C0062,S007,Sports Arena,Sports,Yoga Mat,1,799,5,759.05,Cash,Member,4
2026-05-05,C0173,S006,Beauty Corner,Beauty,Face Wash,1,399,10,359.1,Cash,Member,4
2026-05-06,C0441,S007,Sports Arena,Sports,Football,2,899,0,1798.0,Cash,Member,4
2026-05-07,C0248,S006,Beauty Corner,Beauty,Moisturizer,1,599,0,599.0,Cash,Non-Member,3
2026-05-07,C0132,S005,Home Needs,Home & Lifestyle,Bedsheet,1,1299,10,1169.1,UPI,Member,5
2026-05-07,C0261,S006,Beauty Corner,Beauty,Lip Balm,3,249,15,634.95,UPI,Non-Member,5
2026-05-08,C0293,S001,Fashion Hub,Fashion,Sneakers,1,1999,0,1999.0,Card,Non-Member,4
2026-05-08,C0130,S001,Fashion Hub,Fashion,Sneakers,1,1999,0,1999.0,Cash,Non-Member,5
2026-05-09,C0186,S004,Mobile Zone,Electronics,Bluetooth Speaker,1,1799,0,1799.0,UPI,Member,4
2026-05-10,C0020,S005,Home Needs,Home & Lifestyle,Bedsheet,2,1299,15,2208.3,Cash,Member,5
2026-05-11,C0098,S003,Tech World,Electronics,Headphones,3,1499,0,4497.0,UPI,Non-Member,4
2026-05-11,C0155,S002,Style Point,Fashion,T-Shirt,1,799,15,679.15,Cash,Member,5
2026-05-11,C0213,S007,Sports Arena,Sports,Football,2,899,0,1798.0,Cash,Non-Member,5
2026-05-12,C0254,S008,Book House,Books,Children Book,2,299,15,508.3,UPI,Non-Member,3
2026-05-13,C0036,S003,Tech World,Electronics,Bluetooth Speaker,1,1799,20,1439.2,Cash,Member,5
2026-05-13,C0128,S001,Fashion Hub,Fashion,Shirt,1,999,10,899.1,Card,Member,4
2026-05-13,C0231,S001,Fashion Hub,Fashion,Jeans,1,1499,10,1349.1,UPI,Non-Member,5
2026-05-14,C0280,S004,Mobile Zone,Electronics,Smart Watch,1,2999,20,2399.2,Card,Non-Member,5
2026-05-14,C0300,S004,Mobile Zone,Electronics,Power Bank,1,999,5,949.05,Cash,Member,4
2026-05-14,C0245,S007,Sports Arena,Sports,Yoga Mat,3,799,5,2277.15,Cash,Member,3
2026-05-15,C0234,S008,Book House,Books,Children Book,2,299,15,508.3,UPI,Member,4
2026-05-15,C0106,S004,Mobile Zone,Electronics,Keyboard,1,1299,15,1104.15,UPI,Non-Member,3
2026-05-16,C0086,S006,Beauty Corner,Beauty,Lip Balm,1,249,15,211.65,Cash,Non-Member,5
2026-05-16,C0361,S004,Mobile Zone,Electronics,Headphones,2,1499,0,2998.0,Card,Member,3
2026-05-17,C0098,S003,Tech World,Electronics,Bluetooth Speaker,1,1799,20,1439.2,Card,Member,5
2026-05-17,C0398,S006,Beauty Corner,Beauty,Shampoo,3,499,0,1497.0,Card,Member,3
2026-05-17,C0209,S008,Book House,Books,Children Book,2,299,10,538.2,UPI,Non-Member,3
2026-05-17,C0227,S002,Style Point,Fashion,T-Shirt,1,799,0,799.0,UPI,Non-Member,5
2026-05-18,C0300,S005,Home Needs,Home & Lifestyle,Cushion,1,499,20,399.2,Cash,Member,5
2026-05-19,C0047,S004,Mobile Zone,Electronics,Keyboard,1,1299,10,1169.1,Card,Non-Member,4
2026-05-19,C0025,S004,Mobile Zone,Electronics,Smart Watch,1,2999,0,2999.0,UPI,Member,5
2026-05-19,C0407,S002,Style Point,Fashion,T-Shirt,2,799,0,1598.0,Card,Non-Member,4
2026-05-20,C0013,S006,Beauty Corner,Beauty,Shampoo,1,499,20,399.2,Card,Member,5
2026-05-20,C0280,S005,Home Needs,Home & Lifestyle,Bedsheet,2,1299,15,2208.3,UPI,Non-Member,5
2026-05-20,C0028,S005,Home Needs,Home & Lifestyle,Cushion,1,499,15,424.15,UPI,Member,4
2026-05-21,C0152,S003,Tech World,Electronics,Power Bank,1,999,15,849.15,Cash,Non-Member,5
2026-05-22,C0204,S004,Mobile Zone,Electronics,Smart Watch,1,2999,0,2999.0,UPI,Member,3
2026-05-23,C0210,S002,Style Point,Fashion,Jeans,3,1499,15,3822.45,Card,Member,4
2026-05-23,C0409,S008,Book House,Books,Magazine,2,149,15,253.3,Card,Member,3
2026-05-23,C0403,S004,Mobile Zone,Electronics,Smart Watch,1,2999,15,2549.15,Cash,Member,4
2026-05-24,C0466,S001,Fashion Hub,Fashion,T-Shirt,3,799,0,2397.0,Cash,Non-Member,4
2026-05-24,C0359,S007,Sports Arena,Sports,Football,1,899,20,719.2,Card,Member,4
2026-05-24,C0424,S005,Home Needs,Home & Lifestyle,Bottle,3,399,20,957.6,UPI,Non-Member,4
2026-05-24,C0043,S004,Mobile Zone,Electronics,Headphones,2,1499,0,2998.0,Cash,Member,4
2026-05-24,C0376,S003,Tech World,Electronics,Bluetooth Speaker,1,1799,15,1529.15,Card,Non-Member,4
2026-05-24,C0201,S004,Mobile Zone,Electronics,Bluetooth Speaker,2,1799,15,3058.3,UPI,Non-Member,4
2026-05-25,C0329,S001,Fashion Hub,Fashion,Jacket,2,2499,20,3998.4,UPI,Member,3
2026-05-26,C0342,S001,Fashion Hub,Fashion,Jacket,2,2499,15,4248.3,Cash,Member,4
2026-05-26,C0005,S002,Style Point,Fashion,Jeans,3,1499,0,4497.0,Cash,Non-Member,3
2026-05-27,C0115,S002,Style Point,Fashion,Jeans,3,1499,0,4497.0,Cash,Non-Member,4
2026-05-30,C0098,S004,Mobile Zone,Electronics,Power Bank,1,999,10,899.1,UPI,Non-Member,5
2026-05-30,C0064,S008,Book House,Books,Children Book,1,299,15,254.15,Cash,Non-Member,5
2026-05-30,C0488,S005,Home Needs,Home & Lifestyle,Bedsheet,3,1299,0,3897.0,Card,Non-Member,4
2026-05-30,C0447,S008,Book House,Books,Notebook,2,199,0,398.0,Card,Member,5
2026-06-01,C0256,S003,Tech World,Electronics,Bluetooth Speaker,3,1799,0,5397.0,UPI,Member,3
2026-06-01,C0147,S001,Fashion Hub,Fashion,Jeans,2,1499,20,2398.4,Card,Non-Member,4
2026-06-02,C0176,S002,Style Point,Fashion,Shirt,1,999,20,799.2,UPI,Non-Member,5
2026-06-02,C0024,S003,Tech World,Electronics,Headphones,2,1499,20,2398.4,UPI,Member,3
2026-06-04,C0282,S004,Mobile Zone,Electronics,Headphones,1,1499,15,1274.15,Card,Non-Member,4
2026-06-05,C0023,S006,Beauty Corner,Beauty,Lip Balm,2,249,5,473.1,Cash,Non-Member,3
2026-06-05,C0393,S001,Fashion Hub,Fashion,Sneakers,1,1999,5,1899.05,Cash,Member,4
2026-06-07,C0318,S001,Fashion Hub,Fashion,Sneakers,1,1999,0,1999.0,UPI,Non-Member,3
2026-06-08,C0244,S005,Home Needs,Home & Lifestyle,Storage Box,1,699,5,664.05,UPI,Non-Member,4
2026-06-08,C0141,S005,Home Needs,Home & Lifestyle,Cushion,3,499,10,1347.3,Card,Non-Member,4
2026-06-09,C0394,S004,Mobile Zone,Electronics,Smart Watch,1,2999,0,2999.0,UPI,Non-Member,4
2026-06-09,C0345,S004,Mobile Zone,Electronics,Smart Watch,3,2999,0,8997.0,UPI,Non-Member,4
2026-06-10,C0208,S006,Beauty Corner,Beauty,Moisturizer,1,599,0,599.0,UPI,Member,4
2026-06-10,C0455,S008,Book House,Books,Business Book,2,699,0,1398.0,UPI,Member,4
2026-06-11,C0344,S003,Tech World,Electronics,Headphones,1,1499,0,1499.0,UPI,Member,5
2026-06-12,C0450,S008,Book House,Books,Magazine,1,149,10,134.1,Cash,Member,4
2026-06-12,C0098,S002,Style Point,Fashion,Jacket,1,2499,15,2124.15,Card,Member,4
2026-06-13,C0140,S006,Beauty Corner,Beauty,Moisturizer,1,599,5,569.05,UPI,Non-Member,4
2026-06-13,C0361,S002,Style Point,Fashion,Jacket,2,2499,15,4248.3,Cash,Member,4
2026-06-15,C0260,S005,Home Needs,Home & Lifestyle,Cushion,1,499,0,499.0,Cash,Non-Member,4
2026-06-15,C0272,S006,Beauty Corner,Beauty,Face Wash,2,399,15,678.3,UPI,Member,5
2026-06-15,C0308,S007,Sports Arena,Sports,Yoga Mat,1,799,0,799.0,UPI,Member,5
2026-06-15,C0439,S005,Home Needs,Home & Lifestyle,Cushion,2,499,0,998.0,Card,Non-Member,5
2026-06-16,C0459,S008,Book House,Books,Business Book,1,699,0,699.0,Card,Member,5
2026-06-16,C0440,S006,Beauty Corner,Beauty,Perfume,1,999,15,849.15,Cash,Member,4
2026-06-17,C0488,S005,Home Needs,Home & Lifestyle,Cushion,1,499,15,424.15,Cash,Non-Member,3
2026-06-17,C0083,S002,Style Point,Fashion,Jeans,2,1499,15,2548.3,UPI,Non-Member,4
2026-06-18,C0166,S001,Fashion Hub,Fashion,Jacket,1,2499,10,2249.1,UPI,Member,3
2026-06-18,C0130,S006,Beauty Corner,Beauty,Moisturizer,1,599,10,539.1,Cash,Non-Member,4
2026-06-19,C0221,S003,Tech World,Electronics,Power Bank,2,999,0,1998.0,UPI,Non-Member,4
2026-06-19,C0051,S006,Beauty Corner,Beauty,Shampoo,2,499,15,848.3,UPI,Non-Member,4
2026-06-20,C0377,S007,Sports Arena,Sports,Sports Shoes,1,2499,15,2124.15,UPI,Member,4
2026-06-20,C0097,S005,Home Needs,Home & Lifestyle,Bottle,2,399,0,798.0,UPI,Member,4
2026-06-20,C0166,S006,Beauty Corner,Beauty,Lip Balm,1,249,10,224.1,Card,Member,4
2026-06-23,C0410,S003,Tech World,Electronics,Smart Watch,1,2999,15,2549.15,Card,Non-Member,4
2026-06-23,C0401,S005,Home Needs,Home & Lifestyle,Storage Box,2,699,20,1118.4,Cash,Member,4
2026-06-24,C0376,S006,Beauty Corner,Beauty,Shampoo,2,499,20,798.4,Cash,Member,4
2026-06-24,C0387,S006,Beauty Corner,Beauty,Face Wash,3,399,20,957.6,Cash,Non-Member,3
2026-06-25,C0375,S007,Sports Arena,Sports,Skipping Rope,1,299,0,299.0,UPI,Non-Member,4
2026-06-25,C0333,S007,Sports Arena,Sports,Skipping Rope,1,299,20,239.2,Cash,Non-Member,5
2026-06-26,C0130,S001,Fashion Hub,Fashion,Jacket,1,2499,0,2499.0,Cash,Non-Member,4
2026-06-27,C0398,S003,Tech World,Electronics,Headphones,1,1499,0,1499.0,Cash,Non-Member,4
2026-06-28,C0053,S004,Mobile Zone,Electronics,Power Bank,1,999,0,999.0,Card,Non-Member,4
2026-06-28,C0188,S006,Beauty Corner,Beauty,Lip Balm,3,249,20,597.6,UPI,Member,4
2026-06-28,C0210,S003,Tech World,Electronics,Power Bank,2,999,0,1998.0,Cash,Non-Member,3
2026-06-30,C0204,S002,Style Point,Fashion,Jeans,3,1499,0,4497.0,UPI,Member,4
2026-06-30,C0218,S006,Beauty Corner,Beauty,Lip Balm,2,249,10,448.2,Card,Non-Member,5
2026-07-01,C0274,S002,Style Point,Fashion,Sneakers,1,1999,15,1699.15,Card,Non-Member,4
2026-07-01,C0253,S001,Fashion Hub,Fashion,Jeans,1,1499,10,1349.1,Card,Member,5
2026-07-01,C0497,S006,Beauty Corner,Beauty,Face Wash,1,399,0,399.0,UPI,Non-Member,4
2026-07-01,C0152,S006,Beauty Corner,Beauty,Moisturizer,2,599,0,1198.0,Card,Non-Member,5
2026-07-02,C0476,S005,Home Needs,Home & Lifestyle,Lamp,1,899,10,809.1,Cash,Member,4
2026-07-02,C0211,S007,Sports Arena,Sports,Skipping Rope,1,299,10,269.1,Card,Member,3
2026-07-04,C0423,S003,Tech World,Electronics,Power Bank,3,999,15,2547.45,Cash,Non-Member,4
2026-07-04,C0343,S004,Mobile Zone,Electronics,Headphones,2,1499,0,2998.0,Card,Member,5
2026-07-05,C0499,S003,Tech World,Electronics,Keyboard,1,1299,5,1234.05,Card,Member,5
2026-07-05,C0092,S006,Beauty Corner,Beauty,Lip Balm,3,249,10,672.3,Cash,Member,5
2026-07-06,C0157,S004,Mobile Zone,Electronics,Power Bank,2,999,0,1998.0,Cash,Member,5
2026-07-06,C0320,S004,Mobile Zone,Electronics,Power Bank,1,999,15,849.15,UPI,Member,4
2026-07-07,C0430,S001,Fashion Hub,Fashion,Jacket,2,2499,10,4498.2,Card,Non-Member,4
2026-07-07,C0150,S001,Fashion Hub,Fashion,Jacket,2,2499,0,4998.0,Card,Non-Member,5
2026-07-07,C0352,S001,Fashion Hub,Fashion,Shirt,1,999,5,949.05,Card,Member,4
2026-07-08,C0051,S002,Style Point,Fashion,T-Shirt,1,799,0,799.0,Card,Non-Member,5
2026-07-08,C0118,S007,Sports Arena,Sports,Skipping Rope,1,299,0,299.0,Card,Member,4
2026-07-09,C0408,S007,Sports Arena,Sports,Cricket Bat,1,1999,0,1999.0,UPI,Non-Member,4
2026-07-09,C0196,S008,Book House,Books,Magazine,1,149,10,134.1,Card,Non-Member,5
2026-07-10,C0469,S001,Fashion Hub,Fashion,Sneakers,1,1999,15,1699.15,Card,Non-Member,5
2026-07-10,C0235,S005,Home Needs,Home & Lifestyle,Bedsheet,1,1299,10,1169.1,Card,Member,3
2026-07-11,C0137,S008,Book House,Books,Notebook,2,199,20,318.4,Cash,Non-Member,4
2026-07-13,C0273,S006,Beauty Corner,Beauty,Moisturizer,1,599,5,569.05,UPI,Non-Member,5
2026-07-13,C0055,S006,Beauty Corner,Beauty,Perfume,2,999,0,1998.0,Cash,Member,4
2026-07-13,C0273,S006,Beauty Corner,Beauty,Shampoo,2,499,10,898.2,UPI,Member,4
2026-07-13,C0229,S005,Home Needs,Home & Lifestyle,Bedsheet,1,1299,10,1169.1,Card,Non-Member,4
2026-07-13,C0403,S001,Fashion Hub,Fashion,T-Shirt,1,799,20,639.2,Card,Member,4
2026-07-16,C0471,S001,Fashion Hub,Fashion,Jacket,2,2499,15,4248.3,UPI,Non-Member,4
2026-07-16,C0026,S004,Mobile Zone,Electronics,Smart Watch,1,2999,0,2999.0,Card,Member,3
2026-07-17,C0024,S005,Home Needs,Home & Lifestyle,Bottle,2,399,15,678.3,Cash,Member,4
2026-07-17,C0036,S006,Beauty Corner,Beauty,Perfume,2,999,10,1798.2,UPI,Member,5
2026-07-17,C0489,S007,Sports Arena,Sports,Skipping Rope,2,299,0,598.0,Card,Non-Member,4
2026-07-18,C0331,S006,Beauty Corner,Beauty,Lip Balm,1,249,5,236.55,Cash,Non-Member,4
2026-07-18,C0033,S001,Fashion Hub,Fashion,Jacket,1,2499,10,2249.1,Cash,Member,5
2026-07-18,C0336,S001,Fashion Hub,Fashion,Jeans,1,1499,0,1499.0,Cash,Non-Member,4
2026-07-19,C0400,S001,Fashion Hub,Fashion,Jacket,1,2499,15,2124.15,Cash,Member,4
2026-07-20,C0162,S002,Style Point,Fashion,Jeans,2,1499,5,2848.1,UPI,Non-Member,4
2026-07-20,C0402,S005,Home Needs,Home & Lifestyle,Cushion,2,499,20,798.4,Card,Member,3
2026-07-20,C0262,S008,Book House,Books,Children Book,1,299,0,299.0,Cash,Non-Member,4
2026-07-21,C0470,S001,Fashion Hub,Fashion,Shirt,1,999,20,799.2,Cash,Member,4
2026-07-21,C0094,S007,Sports Arena,Sports,Football,3,899,0,2697.0,UPI,Member,5
2026-07-22,C0437,S004,Mobile Zone,Electronics,Power Bank,2,999,20,1598.4,UPI,Non-Member,3
2026-07-23,C0401,S004,Mobile Zone,Electronics,Keyboard,2,1299,20,2078.4,Cash,Non-Member,4
2026-07-23,C0078,S001,Fashion Hub,Fashion,Shirt,1,999,10,899.1,Cash,Member,3
2026-07-25,C0112,S007,Sports Arena,Sports,Yoga Mat,1,799,0,799.0,UPI,Member,4
2026-07-26,C0332,S005,Home Needs,Home & Lifestyle,Cushion,2,499,0,998.0,Card,Member,5
2026-07-26,C0202,S005,Home Needs,Home & Lifestyle,Storage Box,1,699,5,664.05,Cash,Non-Member,5
2026-07-27,C0387,S001,Fashion Hub,Fashion,Jeans,3,1499,0,4497.0,Card,Member,4
2026-07-28,C0149,S003,Tech World,Electronics,Keyboard,3,1299,10,3507.3,Card,Non-Member,3
2026-07-28,C0377,S008,Book House,Books,Novel,3,399,15,1017.45,UPI,Non-Member,4
2026-07-28,C0124,S008,Book House,Books,Magazine,2,149,0,298.0,Cash,Member,5
2026-07-28,C0014,S003,Tech World,Electronics,Smart Watch,2,2999,20,4798.4,Card,Non-Member,5
2026-07-28,C0133,S003,Tech World,Electronics,Smart Watch,1,2999,15,2549.15,Cash,Member,4
2026-07-29,C0020,S006,Beauty Corner,Beauty,Lip Balm,2,249,0,498.0,UPI,Member,4
2026-07-29,C0147,S003,Tech World,Electronics,Smart Watch,1,2999,20,2399.2,Card,Member,4
2026-07-30,C0030,S007,Sports Arena,Sports,Yoga Mat,1,799,15,679.15,UPI,Non-Member,4
2026-07-31,C0209,S001,Fashion Hub,Fashion,Jacket,3,2499,20,5997.6,UPI,Non-Member,5
2026-07-31,C0018,S008,Book House,Books,Novel,2,399,0,798.0,UPI,Member,5
2026-07-31,C0364,S003,Tech World,Electronics,Keyboard,2,1299,0,2598.0,UPI,Member,4
2026-08-01,C0455,S002,Style Point,Fashion,Jacket,1,2499,20,1999.2,Card,Member,5
2026-08-01,C0399,S005,Home Needs,Home & Lifestyle,Storage Box,1,699,5,664.05,UPI,Non-Member,4
2026-08-02,C0464,S001,Fashion Hub,Fashion,Sneakers,1,1999,20,1599.2,Card,Member,4
2026-08-03,C0422,S004,Mobile Zone,Electronics,Headphones,1,1499,20,1199.2,Cash,Non-Member,5
2026-08-04,C0387,S002,Style Point,Fashion,T-Shirt,1,799,20,639.2,Card,Member,3
2026-08-04,C0163,S006,Beauty Corner,Beauty,Face Wash,1,399,5,379.05,Cash,Member,5
2026-08-04,C0288,S001,Fashion Hub,Fashion,T-Shirt,2,799,5,1518.1,Cash,Non-Member,5
2026-08-04,C0062,S006,Beauty Corner,Beauty,Face Wash,3,399,20,957.6,UPI,Non-Member,4
2026-08-06,C0070,S005,Home Needs,Home & Lifestyle,Lamp,3,899,0,2697.0,Cash,Non-Member,4
2026-08-06,C0252,S007,Sports Arena,Sports,Skipping Rope,1,299,0,299.0,Cash,Non-Member,4
2026-08-07,C0244,S004,Mobile Zone,Electronics,Headphones,2,1499,15,2548.3,Card,Non-Member,4
2026-08-07,C0148,S005,Home Needs,Home & Lifestyle,Bedsheet,1,1299,0,1299.0,Cash,Non-Member,4
2026-08-08,C0035,S008,Book House,Books,Novel,2,399,0,798.0,Cash,Non-Member,3
2026-08-09,C0081,S003,Tech World,Electronics,Headphones,2,1499,0,2998.0,Cash,Member,4
2026-08-09,C0323,S001,Fashion Hub,Fashion,Jacket,3,2499,15,6372.45,Cash,Non-Member,5
2026-08-09,C0319,S002,Style Point,Fashion,Jacket,2,2499,5,4748.1,UPI,Non-Member,4
2026-08-10,C0481,S001,Fashion Hub,Fashion,Jeans,3,1499,20,3597.6,Card,Non-Member,5
2026-08-10,C0231,S007,Sports Arena,Sports,Football,1,899,15,764.15,Cash,Non-Member,5
2026-08-12,C0197,S001,Fashion Hub,Fashion,Shirt,1,999,10,899.1,Card,Non-Member,5
2026-08-12,C0386,S003,Tech World,Electronics,Power Bank,1,999,15,849.15,Card,Non-Member,4
2026-08-13,C0467,S004,Mobile Zone,Electronics,Bluetooth Speaker,1,1799,20,1439.2,Card,Member,5
2026-08-13,C0209,S002,Style Point,Fashion,Jacket,2,2499,20,3998.4,UPI,Non-Member,4
2026-08-13,C0187,S004,Mobile Zone,Electronics,Bluetooth Speaker,1,1799,0,1799.0,Card,Non-Member,4
2026-08-14,C0169,S002,Style Point,Fashion,Jeans,1,1499,20,1199.2,UPI,Non-Member,3
2026-08-14,C0381,S001,Fashion Hub,Fashion,Jeans,3,1499,20,3597.6,UPI,Non-Member,5
2026-08-14,C0421,S004,Mobile Zone,Electronics,Power Bank,2,999,0,1998.0,Cash,Member,5
2026-08-15,C0210,S003,Tech World,Electronics,Keyboard,1,1299,15,1104.15,UPI,Member,4
2026-08-15,C0412,S007,Sports Arena,Sports,Yoga Mat,1,799,10,719.1,UPI,Non-Member,4
2026-08-16,C0321,S002,Style Point,Fashion,Sneakers,2,1999,20,3198.4,Cash,Non-Member,4
2026-08-16,C0285,S002,Style Point,Fashion,Shirt,1,999,0,999.0,UPI,Non-Member,4
2026-08-16,C0411,S005,Home Needs,Home & Lifestyle,Lamp,2,899,20,1438.4,Cash,Member,3
2026-08-17,C0478,S007,Sports Arena,Sports,Skipping Rope,1,299,10,269.1,Card,Non-Member,4
2026-08-19,C0317,S002,Style Point,Fashion,Jeans,3,1499,10,4047.3,Card,Member,4
2026-08-20,C0446,S002,Style Point,Fashion,Jeans,1,1499,0,1499.0,Cash,Member,3
2026-08-21,C0496,S005,Home Needs,Home & Lifestyle,Storage Box,3,699,5,1992.15,UPI,Non-Member,5
2026-08-21,C0140,S007,Sports Arena,Sports,Football,1,899,0,899.0,Cash,Non-Member,5
2026-08-22,C0452,S007,Sports Arena,Sports,Skipping Rope,1,299,5,284.05,UPI,Non-Member,4
2026-08-24,C0378,S001,Fashion Hub,Fashion,Sneakers,3,1999,0,5997.0,Cash,Member,4
2026-08-25,C0243,S003,Tech World,Electronics,Bluetooth Speaker,2,1799,0,3598.0,UPI,Non-Member,3
2026-08-27,C0353,S001,Fashion Hub,Fashion,T-Shirt,2,799,15,1358.3,UPI,Non-Member,5
2026-08-29,C0257,S001,Fashion Hub,Fashion,Jeans,2,1499,15,2548.3,UPI,Member,5
2026-08-29,C0001,S006,Beauty Corner,Beauty,Face Wash,1,399,15,339.15,UPI,Non-Member,5
2026-08-30,C0107,S005,Home Needs,Home & Lifestyle,Cushion,1,499,5,474.05,UPI,Non-Member,5
2026-08-31,C0128,S005,Home Needs,Home & Lifestyle,Bottle,1,399,10,359.1,Cash,Non-Member,5
2026-08-31,C0330,S002,Style Point,Fashion,Shirt,1,999,20,799.2,Card,Non-Member,3
2026-08-31,C0084,S005,Home Needs,Home & Lifestyle,Bottle,2,399,0,798.0,Card,Member,4
2026-08-31,C0050,S001,Fashion Hub,Fashion,Shirt,1,999,5,949.05,Card,Member,5
2026-08-31,C0089,S001,Fashion Hub,Fashion,Shirt,3,999,0,2997.0,Card,Member,4
2026-08-31,C0219,S003,Tech World,Electronics,Smart Watch,1,2999,5,2849.05,Card,Non-Member,4
2026-09-01,C0224,S008,Book House,Books,Children Book,1,299,0,299.0,Card,Non-Member,4
2026-09-01,C0066,S004,Mobile Zone,Electronics,Bluetooth Speaker,1,1799,15,1529.15,Cash,Member,4
2026-09-01,C0110,S007,Sports Arena,Sports,Football,1,899,0,899.0,UPI,Non-Member,4
2026-09-01,C0025,S003,Tech World,Electronics,Power Bank,1,999,20,799.2,Card,Non-Member,4
2026-09-02,C0052,S005,Home Needs,Home & Lifestyle,Bottle,2,399,20,638.4,Cash,Non-Member,4
2026-09-03,C0071,S005,Home Needs,Home & Lifestyle,Cushion,2,499,15,848.3,Card,Member,4
2026-09-04,C0012,S004,Mobile Zone,Electronics,Smart Watch,3,2999,5,8547.15,Cash,Non-Member,5
2026-09-04,C0224,S004,Mobile Zone,Electronics,Bluetooth Speaker,1,1799,0,1799.0,Card,Member,4
2026-09-04,C0305,S001,Fashion Hub,Fashion,Sneakers,3,1999,0,5997.0,Card,Member,4
2026-09-05,C0424,S003,Tech World,Electronics,Bluetooth Speaker,1,1799,20,1439.2,Card,Member,3
2026-09-06,C0003,S006,Beauty Corner,Beauty,Face Wash,2,399,0,798.0,Card,Member,4
2026-09-07,C0082,S008,Book House,Books,Children Book,1,299,5,284.05,UPI,Non-Member,3
2026-09-08,C0448,S007,Sports Arena,Sports,Yoga Mat,3,799,5,2277.15,UPI,Non-Member,5
2026-09-08,C0375,S004,Mobile Zone,Electronics,Power Bank,2,999,20,1598.4,UPI,Member,4
2026-09-08,C0205,S002,Style Point,Fashion,Jacket,2,2499,0,4998.0,Card,Member,3
2026-09-08,C0409,S007,Sports Arena,Sports,Sports Shoes,1,2499,10,2249.1,UPI,Non-Member,3
2026-09-08,C0319,S006,Beauty Corner,Beauty,Face Wash,1,399,5,379.05,UPI,Member,4
2026-09-09,C0372,S003,Tech World,Electronics,Bluetooth Speaker,2,1799,20,2878.4,Card,Non-Member,3
2026-09-10,C0305,S002,Style Point,Fashion,Sneakers,1,1999,15,1699.15,Cash,Member,3
2026-09-10,C0488,S007,Sports Arena,Sports,Skipping Rope,1,299,0,299.0,UPI,Non-Member,5
2026-09-10,C0124,S005,Home Needs,Home & Lifestyle,Bottle,1,399,0,399.0,Cash,Non-Member,4
2026-09-11,C0145,S008,Book House,Books,Business Book,2,699,20,1118.4,UPI,Member,4
2026-09-11,C0279,S001,Fashion Hub,Fashion,Jeans,3,1499,20,3597.6,Card,Non-Member,4
2026-09-12,C0496,S006,Beauty Corner,Beauty,Perfume,2,999,10,1798.2,UPI,Non-Member,4
2026-09-12,C0351,S008,Book House,Books,Novel,2,399,0,798.0,UPI,Non-Member,4
2026-09-13,C0222,S005,Home Needs,Home & Lifestyle,Cushion,1,499,0,499.0,Cash,Member,5
2026-09-13,C0205,S001,Fashion Hub,Fashion,Jacket,1,2499,10,2249.1,UPI,Non-Member,4
2026-09-15,C0128,S005,Home Needs,Home & Lifestyle,Lamp,2,899,0,1798.0,Card,Member,4
2026-09-15,C0021,S003,Tech World,Electronics,Headphones,3,1499,10,4047.3,Cash,Non-Member,5
2026-09-16,C0006,S006,Beauty Corner,Beauty,Moisturizer,3,599,5,1707.15,UPI,Non-Member,4
2026-09-16,C0298,S006,Beauty Corner,Beauty,Shampoo,2,499,10,898.2,UPI,Member,4
2026-09-17,C0147,S005,Home Needs,Home & Lifestyle,Cushion,2,499,0,998.0,Cash,Non-Member,4
2026-09-17,C0323,S005,Home Needs,Home & Lifestyle,Bedsheet,1,1299,0,1299.0,Cash,Non-Member,3
2026-09-18,C0056,S001,Fashion Hub,Fashion,Jacket,3,2499,10,6747.3,Cash,Member,5
2026-09-18,C0129,S002,Style Point,Fashion,Shirt,1,999,10,899.1,UPI,Member,5
2026-09-18,C0321,S007,Sports Arena,Sports,Cricket Bat,2,1999,0,3998.0,Cash,Non-Member,5
2026-09-18,C0414,S003,Tech World,Electronics,Headphones,2,1499,0,2998.0,UPI,Member,4
2026-09-19,C0280,S005,Home Needs,Home & Lifestyle,Lamp,1,899,0,899.0,UPI,Non-Member,4
2026-09-20,C0169,S003,Tech World,Electronics,Keyboard,3,1299,15,3312.45,Card,Member,4
2026-09-20,C0494,S007,Sports Arena,Sports,Yoga Mat,2,799,0,1598.0,UPI,Non-Member,5
2026-09-21,C0048,S007,Sports Arena,Sports,Yoga Mat,1,799,20,639.2,Cash,Non-Member,4
2026-09-24,C0117,S003,Tech World,Electronics,Bluetooth Speaker,2,1799,20,2878.4,Cash,Non-Member,4
2026-09-24,C0378,S001,Fashion Hub,Fashion,Jeans,1,1499,15,1274.15,Cash,Member,4
2026-09-25,C0437,S005,Home Needs,Home & Lifestyle,Bottle,2,399,20,638.4,Cash,Member,4
2026-09-25,C0369,S005,Home Needs,Home & Lifestyle,Storage Box,1,699,0,699.0,Card,Non-Member,4
2026-09-27,C0059,S007,Sports Arena,Sports,Sports Shoes,2,2499,20,3998.4,UPI,Member,5
2026-09-27,C0365,S002,Style Point,Fashion,Jacket,2,2499,20,3998.4,Cash,Non-Member,5
2026-09-28,C0097,S004,Mobile Zone,Electronics,Bluetooth Speaker,3,1799,0,5397.0,Cash,Member,5
2026-09-28,C0003,S006,Beauty Corner,Beauty,Perfume,2,999,5,1898.1,UPI,Non-Member,4
2026-09-29,C0444,S004,Mobile Zone,Electronics,Smart Watch,3,2999,20,7197.6,UPI,Member,5
2026-09-30,C0260,S008,Book House,Books,Novel,2,399,0,798.0,UPI,Non-Member,4
2026-10-01,C0387,S003,Tech World,Electronics,Bluetooth Speaker,1,1799,10,1619.1,Cash,Member,4
2026-10-01,C0047,S008,Book House,Books,Magazine,2,149,15,253.3,Card,Non-Member,4
2026-10-02,C0379,S008,Book House,Books,Children Book,1,299,0,299.0,Card,Non-Member,4
2026-10-03,C0264,S001,Fashion Hub,Fashion,Sneakers,1,1999,5,1899.05,Card,Member,5
2026-10-03,C0407,S008,Book House,Books,Business Book,3,699,0,2097.0,Card,Member,5
2026-10-04,C0413,S001,Fashion Hub,Fashion,T-Shirt,3,799,20,1917.6,UPI,Member,4
2026-10-04,C0278,S007,Sports Arena,Sports,Sports Shoes,1,2499,15,2124.15,UPI,Member,3
2026-10-04,C0324,S003,Tech World,Electronics,Keyboard,2,1299,10,2338.2,UPI,Non-Member,5
2026-10-05,C0159,S002,Style Point,Fashion,Sneakers,1,1999,10,1799.1,UPI,Non-Member,5
2026-10-05,C0169,S004,Mobile Zone,Electronics,Smart Watch,3,2999,0,8997.0,Card,Non-Member,3
2026-10-06,C0192,S005,Home Needs,Home & Lifestyle,Storage Box,1,699,0,699.0,Card,Member,3
2026-10-06,C0086,S008,Book House,Books,Business Book,3,699,15,1782.45,Card,Non-Member,3
2026-10-08,C0141,S005,Home Needs,Home & Lifestyle,Lamp,1,899,5,854.05,Cash,Member,3
2026-10-08,C0227,S003,Tech World,Electronics,Keyboard,1,1299,0,1299.0,Card,Member,4
2026-10-08,C0393,S006,Beauty Corner,Beauty,Moisturizer,1,599,0,599.0,Cash,Member,5
2026-10-09,C0367,S006,Beauty Corner,Beauty,Lip Balm,1,249,0,249.0,Cash,Non-Member,4
2026-10-09,C0201,S005,Home Needs,Home & Lifestyle,Bedsheet,2,1299,5,2468.1,UPI,Member,4
2026-10-10,C0051,S008,Book House,Books,Notebook,1,199,10,179.1,UPI,Non-Member,3
2026-10-11,C0009,S008,Book House,Books,Children Book,2,299,15,508.3,UPI,Member,4
2026-10-11,C0135,S004,Mobile Zone,Electronics,Headphones,1,1499,5,1424.05,Card,Member,4
2026-10-11,C0289,S007,Sports Arena,Sports,Cricket Bat,1,1999,20,1599.2,UPI,Non-Member,5
2026-10-12,C0097,S005,Home Needs,Home & Lifestyle,Bottle,1,399,10,359.1,Card,Member,4
2026-10-13,C0242,S006,Beauty Corner,Beauty,Face Wash,3,399,0,1197.0,Cash,Non-Member,3
2026-10-13,C0327,S003,Tech World,Electronics,Headphones,2,1499,20,2398.4,Cash,Member,5
2026-10-13,C0188,S001,Fashion Hub,Fashion,Sneakers,3,1999,5,5697.15,Card,Non-Member,5
2026-10-14,C0487,S005,Home Needs,Home & Lifestyle,Cushion,3,499,0,1497.0,Cash,Member,5
2026-10-14,C0179,S008,Book House,Books,Magazine,3,149,15,379.95,Cash,Non-Member,5
2026-10-15,C0422,S006,Beauty Corner,Beauty,Face Wash,2,399,5,758.1,Card,Member,4
2026-10-15,C0387,S001,Fashion Hub,Fashion,T-Shirt,1,799,0,799.0,Card,Non-Member,3
2026-10-18,C0418,S008,Book House,Books,Magazine,1,149,0,149.0,Cash,Member,4
2026-10-19,C0268,S007,Sports Arena,Sports,Yoga Mat,3,799,5,2277.15,Card,Non-Member,5
2026-10-20,C0474,S002,Style Point,Fashion,Sneakers,2,1999,5,3798.1,Card,Member,5
2026-10-20,C0092,S004,Mobile Zone,Electronics,Bluetooth Speaker,1,1799,0,1799.0,UPI,Member,4
2026-10-22,C0106,S005,Home Needs,Home & Lifestyle,Bottle,2,399,5,758.1,Cash,Non-Member,4
2026-10-22,C0390,S008,Book House,Books,Business Book,3,699,0,2097.0,Card,Non-Member,4
2026-10-22,C0359,S002,Style Point,Fashion,T-Shirt,1,799,5,759.05,UPI,Member,4
2026-10-23,C0258,S007,Sports Arena,Sports,Skipping Rope,2,299,15,508.3,Card,Non-Member,5
2026-10-26,C0500,S001,Fashion Hub,Fashion,Sneakers,1,1999,0,1999.0,UPI,Member,5
2026-10-26,C0006,S002,Style Point,Fashion,Shirt,1,999,0,999.0,Cash,Non-Member,5
2026-10-27,C0128,S002,Style Point,Fashion,Sneakers,1,1999,10,1799.1,Cash,Member,4
2026-10-28,C0152,S004,Mobile Zone,Electronics,Bluetooth Speaker,3,1799,0,5397.0,Cash,Member,5
2026-10-28,C0301,S003,Tech World,Electronics,Headphones,1,1499,0,1499.0,Cash,Member,4
2026-10-28,C0256,S004,Mobile Zone,Electronics,Smart Watch,2,2999,10,5398.2,Cash,Non-Member,3
2026-10-29,C0060,S001,Fashion Hub,Fashion,Shirt,1,999,20,799.2,UPI,Member,3
2026-10-30,C0494,S003,Tech World,Electronics,Smart Watch,1,2999,10,2699.1,Card,Non-Member,4
2026-10-31,C0446,S001,Fashion Hub,Fashion,T-Shirt,1,799,0,799.0,Card,Non-Member,5
2026-11-01,C0288,S001,Fashion Hub,Fashion,Jacket,2,2499,10,4498.2,UPI,Member,5
2026-11-01,C0401,S007,Sports Arena,Sports,Skipping Rope,2,299,10,538.2,Card,Non-Member,4
2026-11-01,C0330,S005,Home Needs,Home & Lifestyle,Bottle,1,399,5,379.05,Card,Non-Member,4
2026-11-02,C0152,S005,Home Needs,Home & Lifestyle,Bedsheet,1,1299,10,1169.1,UPI,Non-Member,5
2026-11-02,C0183,S002,Style Point,Fashion,Sneakers,1,1999,20,1599.2,UPI,Member,4
2026-11-02,C0213,S002,Style Point,Fashion,Jeans,2,1499,0,2998.0,Card,Non-Member,5
2026-11-02,C0457,S003,Tech World,Electronics,Bluetooth Speaker,2,1799,10,3238.2,UPI,Member,4
2026-11-02,C0395,S007,Sports Arena,Sports,Yoga Mat,1,799,20,639.2,UPI,Non-Member,5
2026-11-02,C0339,S008,Book House,Books,Notebook,1,199,15,169.15,UPI,Member,4
2026-11-03,C0203,S004,Mobile Zone,Electronics,Headphones,1,1499,10,1349.1,Cash,Member,4
2026-11-03,C0134,S007,Sports Arena,Sports,Sports Shoes,1,2499,0,2499.0,Cash,Non-Member,5
2026-11-04,C0111,S006,Beauty Corner,Beauty,Perfume,1,999,0,999.0,UPI,Member,4
2026-11-05,C0449,S003,Tech World,Electronics,Smart Watch,1,2999,10,2699.1,Card,Non-Member,4
2026-11-05,C0199,S001,Fashion Hub,Fashion,Sneakers,1,1999,0,1999.0,UPI,Member,4
2026-11-05,C0280,S008,Book House,Books,Magazine,2,149,10,268.2,Cash,Non-Member,3
2026-11-06,C0496,S005,Home Needs,Home & Lifestyle,Lamp,1,899,0,899.0,UPI,Member,4
2026-11-06,C0056,S007,Sports Arena,Sports,Yoga Mat,2,799,15,1358.3,Card,Non-Member,4
2026-11-06,C0274,S001,Fashion Hub,Fashion,Shirt,1,999,20,799.2,UPI,Non-Member,5
2026-11-07,C0093,S006,Beauty Corner,Beauty,Lip Balm,2,249,5,473.1,Cash,Non-Member,5
2026-11-09,C0282,S006,Beauty Corner,Beauty,Shampoo,1,499,15,424.15,UPI,Member,4
2026-11-09,C0075,S001,Fashion Hub,Fashion,Jeans,2,1499,0,2998.0,Cash,Member,5
2026-11-10,C0064,S004,Mobile Zone,Electronics,Power Bank,2,999,0,1998.0,UPI,Member,4
2026-11-10,C0145,S006,Beauty Corner,Beauty,Shampoo,2,499,15,848.3,UPI,Member,4
2026-11-10,C0485,S004,Mobile Zone,Electronics,Keyboard,3,1299,5,3702.15,UPI,Non-Member,4
2026-11-11,C0132,S006,Beauty Corner,Beauty,Face Wash,1,399,10,359.1,UPI,Non-Member,5
2026-11-11,C0259,S001,Fashion Hub,Fashion,Jeans,1,1499,20,1199.2,UPI,Member,4
2026-11-11,C0206,S008,Book House,Books,Children Book,2,299,10,538.2,Cash,Non-Member,5
2026-11-12,C0063,S008,Book House,Books,Business Book,2,699,20,1118.4,Cash,Member,3
2026-11-12,C0048,S007,Sports Arena,Sports,Sports Shoes,1,2499,0,2499.0,UPI,Non-Member,5
2026-11-13,C0321,S002,Style Point,Fashion,Shirt,3,999,20,2397.6,Card,Non-Member,4
2026-11-14,C0185,S002,Style Point,Fashion,Jacket,3,2499,0,7497.0,UPI,Member,4
2026-11-15,C0407,S008,Book House,Books,Notebook,1,199,5,189.05,Cash,Member,4
2026-11-15,C0009,S006,Beauty Corner,Beauty,Moisturizer,3,599,10,1617.3,Cash,Non-Member,4
2026-11-15,C0136,S001,Fashion Hub,Fashion,T-Shirt,2,799,0,1598.0,Card,Non-Member,5
2026-11-15,C0121,S006,Beauty Corner,Beauty,Moisturizer,1,599,15,509.15,Card,Non-Member,5
2026-11-16,C0220,S008,Book House,Books,Children Book,3,299,0,897.0,Card,Member,3
2026-11-16,C0402,S001,Fashion Hub,Fashion,Shirt,1,999,0,999.0,Card,Non-Member,4
2026-11-16,C0118,S002,Style Point,Fashion,Shirt,3,999,20,2397.6,UPI,Member,5
2026-11-17,C0196,S006,Beauty Corner,Beauty,Lip Balm,2,249,15,423.3,Card,Non-Member,5
2026-11-18,C0202,S007,Sports Arena,Sports,Sports Shoes,3,2499,0,7497.0,UPI,Member,4
2026-11-19,C0191,S004,Mobile Zone,Electronics,Keyboard,2,1299,20,2078.4,UPI,Member,4
2026-11-19,C0188,S003,Tech World,Electronics,Bluetooth Speaker,1,1799,15,1529.15,Card,Non-Member,4
2026-11-19,C0213,S003,Tech World,Electronics,Keyboard,1,1299,15,1104.15,Card,Member,4
2026-11-20,C0135,S005,Home Needs,Home & Lifestyle,Bedsheet,1,1299,20,1039.2,Card,Member,4
2026-11-20,C0388,S008,Book House,Books,Children Book,3,299,0,897.0,UPI,Member,4
2026-11-20,C0439,S008,Book House,Books,Business Book,2,699,0,1398.0,UPI,Non-Member,4
2026-11-22,C0318,S006,Beauty Corner,Beauty,Moisturizer,3,599,5,1707.15,Card,Non-Member,3
2026-11-22,C0001,S001,Fashion Hub,Fashion,Sneakers,1,1999,15,1699.15,Card,Member,5
2026-11-23,C0359,S002,Style Point,Fashion,T-Shirt,1,799,0,799.0,Card,Non-Member,4
2026-11-23,C0291,S001,Fashion Hub,Fashion,Sneakers,1,1999,5,1899.05,Card,Member,4
2026-11-23,C0243,S008,Book House,Books,Magazine,1,149,0,149.0,Cash,Member,4
2026-11-23,C0242,S006,Beauty Corner,Beauty,Face Wash,1,399,20,319.2,Cash,Non-Member,3
2026-11-25,C0387,S002,Style Point,Fashion,Sneakers,1,1999,0,1999.0,UPI,Non-Member,5
2026-11-26,C0410,S004,Mobile Zone,Electronics,Power Bank,2,999,15,1698.3,Cash,Non-Member,4
2026-11-27,C0221,S003,Tech World,Electronics,Power Bank,3,999,5,2847.15,Cash,Member,4
2026-11-28,C0441,S007,Sports Arena,Sports,Skipping Rope,2,299,0,598.0,UPI,Member,5
2026-11-28,C0302,S002,Style Point,Fashion,Shirt,2,999,15,1698.3,UPI,Non-Member,3
2026-11-28,C0081,S002,Style Point,Fashion,Jacket,3,2499,0,7497.0,Cash,Non-Member,4
2026-11-28,C0223,S002,Style Point,Fashion,T-Shirt,1,799,15,679.15,Cash,Member,4
2026-12-01,C0403,S001,Fashion Hub,Fashion,Sneakers,1,1999,10,1799.1,Card,Member,5
2026-12-02,C0044,S003,Tech World,Electronics,Power Bank,2,999,10,1798.2,UPI,Member,4
2026-12-03,C0443,S003,Tech World,Electronics,Smart Watch,2,2999,5,5698.1,Cash,Member,5
2026-12-04,C0472,S008,Book House,Books,Business Book,1,699,0,699.0,Cash,Member,4
2026-12-04,C0214,S001,Fashion Hub,Fashion,Shirt,1,999,0,999.0,Cash,Non-Member,4
2026-12-05,C0274,S004,Mobile Zone,Electronics,Bluetooth Speaker,1,1799,0,1799.0,Cash,Non-Member,3
2026-12-05,C0373,S004,Mobile Zone,Electronics,Keyboard,3,1299,15,3312.45,Card,Member,4
2026-12-05,C0302,S003,Tech World,Electronics,Keyboard,2,1299,15,2208.3,UPI,Non-Member,5
2026-12-06,C0063,S005,Home Needs,Home & Lifestyle,Lamp,2,899,10,1618.2,UPI,Member,5
2026-12-06,C0374,S003,Tech World,Electronics,Headphones,3,1499,5,4272.15,Cash,Non-Member,5
2026-12-06,C0065,S002,Style Point,Fashion,Jeans,2,1499,5,2848.1,Cash,Member,4
2026-12-07,C0329,S007,Sports Arena,Sports,Sports Shoes,2,2499,5,4748.1,UPI,Member,3
2026-12-07,C0198,S003,Tech World,Electronics,Keyboard,3,1299,10,3507.3,Cash,Member,4
2026-12-07,C0010,S004,Mobile Zone,Electronics,Bluetooth Speaker,3,1799,0,5397.0,UPI,Non-Member,5
2026-12-07,C0211,S005,Home Needs,Home & Lifestyle,Bottle,1,399,10,359.1,Cash,Non-Member,4
2026-12-08,C0173,S007,Sports Arena,Sports,Sports Shoes,2,2499,0,4998.0,Card,Non-Member,5
2026-12-08,C0455,S002,Style Point,Fashion,Jacket,1,2499,15,2124.15,UPI,Non-Member,3
2026-12-09,C0432,S002,Style Point,Fashion,Shirt,1,999,0,999.0,Cash,Non-Member,4
2026-12-10,C0393,S001,Fashion Hub,Fashion,Jacket,1,2499,0,2499.0,UPI,Non-Member,5
2026-12-10,C0081,S001,Fashion Hub,Fashion,Jacket,3,2499,10,6747.3,Cash,Member,4
2026-12-10,C0181,S004,Mobile Zone,Electronics,Smart Watch,2,2999,15,5098.3,Cash,Member,4
2026-12-11,C0045,S007,Sports Arena,Sports,Football,1,899,0,899.0,UPI,Non-Member,4
2026-12-11,C0142,S002,Style Point,Fashion,Jeans,2,1499,5,2848.1,Cash,Member,4
2026-12-11,C0195,S005,Home Needs,Home & Lifestyle,Storage Box,2,699,0,1398.0,Card,Member,5
2026-12-11,C0376,S008,Book House,Books,Novel,2,399,10,718.2,Cash,Member,5
2026-12-12,C0480,S008,Book House,Books,Magazine,2,149,0,298.0,Cash,Non-Member,4
2026-12-14,C0061,S006,Beauty Corner,Beauty,Face Wash,1,399,0,399.0,UPI,Non-Member,5
2026-12-14,C0500,S005,Home Needs,Home & Lifestyle,Bottle,2,399,0,798.0,Card,Non-Member,4
2026-12-14,C0468,S002,Style Point,Fashion,Jeans,2,1499,0,2998.0,Cash,Non-Member,3
2026-12-15,C0108,S001,Fashion Hub,Fashion,Sneakers,3,1999,5,5697.15,UPI,Non-Member,5
2026-12-15,C0332,S007,Sports Arena,Sports,Skipping Rope,2,299,15,508.3,Cash,Member,4
2026-12-16,C0093,S004,Mobile Zone,Electronics,Bluetooth Speaker,2,1799,0,3598.0,Cash,Non-Member,3
2026-12-16,C0211,S003,Tech World,Electronics,Bluetooth Speaker,1,1799,0,1799.0,Card,Member,5
2026-12-17,C0198,S004,Mobile Zone,Electronics,Headphones,3,1499,15,3822.45,Cash,Non-Member,5
2026-12-17,C0480,S005,Home Needs,Home & Lifestyle,Storage Box,1,699,15,594.15,UPI,Non-Member,4
2026-12-18,C0193,S005,Home Needs,Home & Lifestyle,Bottle,3,399,5,1137.15,UPI,Non-Member,4
2026-12-18,C0164,S006,Beauty Corner,Beauty,Moisturizer,1,599,10,539.1,Cash,Non-Member,3
2026-12-18,C0327,S006,Beauty Corner,Beauty,Perfume,1,999,10,899.1,UPI,Member,3
2026-12-20,C0147,S007,Sports Arena,Sports,Sports Shoes,1,2499,0,2499.0,Card,Member,5
2026-12-20,C0425,S001,Fashion Hub,Fashion,Jacket,2,2499,20,3998.4,UPI,Member,4
2026-12-21,C0263,S001,Fashion Hub,Fashion,Jeans,2,1499,20,2398.4,UPI,Member,4
2026-12-21,C0287,S001,Fashion Hub,Fashion,T-Shirt,2,799,15,1358.3,Card,Non-Member,3
2026-12-22,C0023,S003,Tech World,Electronics,Keyboard,2,1299,0,2598.0,Cash,Non-Member,4
2026-12-22,C0121,S002,Style Point,Fashion,Shirt,1,999,20,799.2,Cash,Non-Member,3
2026-12-22,C0073,S004,Mobile Zone,Electronics,Keyboard,2,1299,20,2078.4,Cash,Non-Member,3
2026-12-24,C0290,S007,Sports Arena,Sports,Cricket Bat,2,1999,5,3798.1,UPI,Member,4
2026-12-24,C0247,S002,Style Point,Fashion,Shirt,2,999,10,1798.2,Cash,Member,4
2026-12-24,C0387,S005,Home Needs,Home & Lifestyle,Bottle,1,399,15,339.15,Cash,Non-Member,5
2026-12-24,C0002,S001,Fashion Hub,Fashion,T-Shirt,1,799,20,639.2,Card,Non-Member,4
2026-12-25,C0330,S005,Home Needs,Home & Lifestyle,Cushion,3,499,0,1497.0,Card,Non-Member,4
2026-12-25,C0108,S002,Style Point,Fashion,T-Shirt,2,799,20,1278.4,Card,Non-Member,4
2026-12-25,C0393,S001,Fashion Hub,Fashion,Jeans,3,1499,20,3597.6,UPI,Member,5
2026-12-26,C0113,S004,Mobile Zone,Electronics,Smart Watch,1,2999,10,2699.1,Card,Non-Member,5
2026-12-26,C0392,S006,Beauty Corner,Beauty,Lip Balm,3,249,15,634.95,Cash,Non-Member,4
2026-12-27,C0007,S004,Mobile Zone,Electronics,Headphones,1,1499,15,1274.15,UPI,Member,4
2026-12-27,C0084,S003,Tech World,Electronics,Smart Watch,1,2999,5,2849.05,Cash,Non-Member,4
2026-12-28,C0301,S002,Style Point,Fashion,Jeans,1,1499,5,1424.05,Card,Member,3
2026-12-28,C0047,S001,Fashion Hub,Fashion,Sneakers,3,1999,10,5397.3,UPI,Non-Member,5
2026-12-28,C0326,S007,Sports Arena,Sports,Yoga Mat,1,799,0,799.0,UPI,Member,4
2026-12-28,C0247,S008,Book House,Books,Business Book,1,699,10,629.1,UPI,Non-Member,4
2026-12-29,C0425,S003,Tech World,Electronics,Headphones,1,1499,5,1424.05,Cash,Non-Member,5
2026-12-30,C0233,S007,Sports Arena,Sports,Sports Shoes,3,2499,10,6747.3,Card,Member,4
2026-12-31,C0270,S002,Style Point,Fashion,Shirt,1,999,10,899.1,UPI,Non-Member,4
2026-12-31,C0189,S007,Sports Arena,Sports,Sports Shoes,2,2499,5,4748.1,UPI,Member,4
